claim_id,claim,theorem_or_lemma,proof,checker_or_test,raw_evidence,figure_or_table,maturity,fresh_recheck,boundary
C01,Exact bad-observation scalarization on admitted finite-read rational IR,Theorem A,proofs/core.md section 2,src/semantic_contract/checker.py,results/current/pilot.json;results/current/diagnostics.json,paper theorem 3.1,prose-proved; implementation finite-checked,current suite and clean-extraction reproduction,No verified arbitrary raw-source translation; UNSAT trusts Z3
C02,Greatest of nine declared closed grades on conclusive production runs,Theorem B,proofs/core.md section 3,src/semantic_contract/checker.py,results/summary.json,grade-lattice figure; grade-count table,prose-proved; all nine finite-checked,current suite and clean-extraction reproduction,Not greatest arbitrary semantic contract; timeout abstains
C03,At most two stored input cells suffice for every refuted observation,Theorem C / Lemma B,proofs/core.md section 4,src/semantic_contract/certificates.py,results/current/pilot.json;results/current/diagnostics.json,main small-support section,prose-proved; 162 certificates finite-replayed,current suite and clean-extraction reproduction,No small-shape or solve-time theorem
C04,Two cells are necessary for some zero-support failures,Theorem C tightness,proofs/core.md section 4,tests/test_contracts.py,data/examples/storage-without-support.json,main tightness proof,prose-proved; finite-checked,current suite and clean-extraction reproduction,Exact rationals and independently assignable cells
C05,Intersection grade composes through revision chains,Proposition D,proofs/core.md section 5,not mechanically checked,proofs/core.md,main composition proposition,prose-proved,artifact-only prose inspection,Common interface/precondition; not arbitrary consumers
C06,Consumer coherence iff condition for free values on clique masks,Theorem E,proofs/core.md section 6,src/semantic_contract/coherence.py,results/current/pilot.json consumer_records,consumer-components figure,prose-proved; symbolic pilot and finite replay,current suite and clean-extraction reproduction,Not necessary on correlated producer images
C07,Components are finest partition for independent safe scales,Corollary F,proofs/core.md section 6,checker validates proposed scales only,proofs/core.md,consumer-components figure,prose-proved,artifact-only prose inspection,No implemented symbolic component synthesis
C08,167 refutations replayed and 162 compact IR certificates validated,not a general theorem,docs/validation.md,reproduce.py;summarize.py,results/current/;results/summary.json,validation and grade-count tables,measured; finite-checked,current suite and clean-extraction reproduction,Observations are not distinct public bugs
C09,Defective missing-congruence witness is rejected,negative control,docs/validation.md,run_pilot.py,results/current/pilot.json congruence_ablation,main negative-control subsection,finite-checked,current suite and clean-extraction reproduction,Deliberately unsound mode never gives complete production grade
C10,Finite examples miss an unbounded-threshold family,section 7,proofs/core.md section 7,tests/test_contracts.py,data/examples/late-shape-threshold.json,main finite-test boundary,prose-proved with explicit family qualification,current command suite and prose inspection,Not impossibility for bounded finite implementation syntax
C11,Three complete public production-diff source adapters in a fixed twelve-commit denominator; P01 abstains after source-reachable scalar controls differ,Theorems H-J; Proposition G admission failure,proofs/core.md section 9,src/semantic_contract/public_adapters.py;tests/test_public_adapters.py,data/public-adapter-evidence.json;results/current/public-study.json,public corpus and adapter-case tables,prose-proved; 526 admitted states finite-checked; P01 29222-state candidate diagnostic separated,current suite and clean-extraction reproduction,No upstream execution; P08 is limited to fixed production call sites; P01 is not adapter coverage
C12,All admitted source observables imply the five contracts under downstream congruence,Corollary K,proofs/core.md section 9,not mechanically checked,docs/public-study.md,source-adapter section,conditional prose theorem,current prose inspection,Excludes hidden reflection undefined behavior and changed downstream components
C13,"Under a cap of 64 candidate slots per mutant, repeated developer indices detect 14/18, seeded random with replacement 18/18, and an evenly spaced enumeration-index grid 18/18; actual executions are 325, 121, and 318",synthetic mutation study,docs/public-study.md,src/semantic_contract/public_adapters.py,results/current/public-study.json,mutation and mutation-detail tables,measured,current suite and clean-extraction reproduction,"Synthetic mutants are not historical bugs; one seed, three adapters; even grid depends on enumeration order and is not semantic stratification"
C14,Later-segment adapter coverage is two of eight; development coverage is one of four; nine total abstentions,retrospective temporal split,docs/public-study.md,run_public_study.py,data/public-corpus.csv;results/current/public-study.json,public corpus table,measured,current suite and clean-extraction reproduction,Split chosen after scouting; not preregistered blind generalization
C15,Local diagnostic process resource feasibility,none,docs/validation.md,reproduce.py,results/current/execution.json;results/exploratory-cpu-charge.json;results/delivery-check.json,implementation/results section,measured with conservative early CPU charge,current suite and clean-extraction reproduction,Early exact enumeration and transfer totals not certified
C16,All 83 bibliography entries are cited and match the frozen metadata inventory; 77 use DOI locators and six use stable official or DBLP records; all 83 have a dated primary-record metadata audit and citation-context record,offline bibliography-integrity and completeness audit,audit_references.py;tests/test_references.py,data/references.bib;data/reference-audit.csv;data/cited-reference-keys.txt;data/reference-primary-record-audit.csv;data/reference-context-audit.csv,results/current/reference-audit.json,artifact reconciliation and bibliography,finite-checked against frozen inventory plus a delivered complete dated primary-record audit,current suite and clean-extraction reproduction,Reproduction does not resolve the network; not an independent source reread or literature review
C17,"Independent replay rejects malformed, outside-fragment, inexact, or wrongly typed cases and witnesses before exact execution",replay trust-boundary hardening,docs/validation.md,src/semantic_contract/replay.py;src/semantic_contract/certificates.py;tests/test_replay_hardening.py,results/current/unit-tests.txt,implementation boundary subsection,finite-checked; differential and adversarial tests,current suite and clean-extraction reproduction,Independent implementation path is not independent human review or a proof of all parser equivalence
C18,"Post-hoc generator-seed sensitivity: eight additional seeds, 256 admitted cases, 2,048 queries, 512 oracle checks, and 500 replayed compact certificates with zero errors",post-hoc sensitivity audit,docs/diagnostic-protocol.md,run_robustness_audit.py;reproduce.py,results/current/robustness-audit.json,implementation/evaluation sensitivity paragraph,measured; excluded from frozen main counts,current suite and clean-extraction reproduction,"Same generator family, checker, oracle, and replay paths; not independent replication, statistical generalization, or a replacement for the frozen campaign"
