name,url,license,access_date,resource_type,acquisition_method,integration_mode,supported_claim,internals_modified
TensorBench primary record,https://arxiv.org/abs/2606.05570,CC BY 4.0 at primary record,2026-09-15,scholarly preprint,web HTML/PDF inspection,citation only; no code or task archive imported,motivation: repository-level tensor-compiler tasks and test-based grading,no
SMT-Based Translation Validation for Machine Learning Compiler,https://doi.org/10.1007/978-3-031-13188-2_19,publisher scholarly record; not redistributed,2026-09-15,scholarly article,publisher/primary record and substantive sections,citation only,closest scalarization and floating-point-boundary comparison,no
Verified Tensor-Program Optimization Via High-Level Scheduling Rewrites,https://doi.org/10.1145/3498717,publisher scholarly record; not redistributed,2026-09-15,scholarly article,publisher/author full text,citation only,mechanized tensor scheduling comparison,no
Tenspiler,https://doi.org/10.4230/LIPIcs.ECOOP.2024.32,CC BY / LIPIcs terms at primary record; not redistributed,2026-09-15,scholarly article,official ECOOP record and full text,citation only,verified lifting and unbounded tensor-operation comparison,no
TensorRight,https://doi.org/10.1145/3704865,publisher scholarly record; not redistributed,2026-09-15,scholarly article,publisher/primary record and full text,citation only,automated tensor-graph rewrite verification comparison,no
Prism,https://arxiv.org/abs/2604.15272,CC BY 4.0 at primary record,2026-09-15,scholarly preprint,web HTML/full-text inspection,citation only,recent symbolic tensor-program comparison,no
Z3 research paper,https://doi.org/10.1007/978-3-540-78800-3_24,publisher scholarly record; not redistributed,2026-09-15,scholarly article,primary bibliographic record,citation only,solver identity and reference,no
Z3 runtime,https://github.com/Z3Prover/z3,MIT; licenses/Z3-NOTICE.txt,2026-09-15,solver dependency,preinstalled host shared library,ctypes C-API wrapper; binary not bundled,all symbolic queries,no
TOSEM: Testing coupling effect,https://doi.org/10.1145/125489.125473,publisher scholarly record; not redistributed,2026-09-15,scholarly article,publisher/primary full-text or HTML inspection,writing calibration and citation where relevant,fault-based testing and empirical argument structure,no
TOSEM: Alloy,https://doi.org/10.1145/505145.505149,publisher scholarly record; not redistributed,2026-09-15,scholarly article,publisher/primary full-text or HTML inspection,writing calibration and citation where relevant,lightweight formal modeling and bounded-analysis narrative,no
TOSEM: Testing equivalence verification of spi calculus,https://doi.org/10.1145/941566.941570,publisher scholarly record; not redistributed,2026-09-15,scholarly article,publisher/primary full-text or HTML inspection,writing calibration and citation where relevant,equivalence-verification presentation,no
TOSEM: Beyond Tests,https://doi.org/10.1145/3418461,publisher scholarly record; not redistributed,2026-09-15,scholarly article,publisher/primary full-text or HTML inspection,writing calibration and citation where relevant,constraint-based repair and evidence separation,no
TOSEM: Feedback-Directed Metamorphic Testing,https://doi.org/10.1145/3533314,publisher scholarly record; not redistributed,2026-09-15,scholarly article,publisher/primary full-text or HTML inspection,writing calibration and citation where relevant,metamorphic testing evaluation and threats,no
TOSEM: MR-Scout,https://doi.org/10.1145/3656340,publisher scholarly record; not redistributed,2026-09-15,scholarly article,publisher/primary full-text or HTML inspection,writing calibration and citation where relevant,metamorphic-relation synthesis and artifact reporting,no
TOSEM: Generation-Based Differential Fuzzing for DL Libraries,https://doi.org/10.1145/3628159,publisher scholarly record; not redistributed,2026-09-15,scholarly article,publisher/primary full-text or HTML inspection,writing calibration and citation where relevant,DL-library testing breadth and baselines,no
TOSEM: Enumerating Valid Non-Alpha-Equivalent Programs,https://doi.org/10.1145/3647994,publisher scholarly record; not redistributed,2026-09-15,scholarly article,publisher/primary full-text or HTML inspection,writing calibration and citation where relevant,bounded enumeration and guarantee boundaries,no
TOSEM: History-Driven Fuzzing for DL Libraries,https://doi.org/10.1145/3688838,publisher scholarly record; not redistributed,2026-09-15,scholarly article,publisher/primary full-text or HTML inspection,writing calibration and citation where relevant,history-guided selection and RQ structure,no
TOSEM: From Stochastic to Semantic,https://doi.org/10.1145/3793554,publisher scholarly record; not redistributed,2026-09-15,scholarly article,publisher/primary full-text or HTML inspection,writing calibration and citation where relevant,recent compiler-testing framing and evaluation,no
TOSEM: Selective Feature-Sensitive Coverage,https://doi.org/10.1145/3808231,publisher scholarly record; not redistributed,2026-09-15,scholarly article,publisher/primary full-text or HTML inspection,writing calibration and citation where relevant,feature-sensitive coverage and conformance-testing structure,no
TOSEM: Multiple Adversarial Compilation Configurations,https://doi.org/10.1145/3786786,publisher scholarly record; not redistributed,2026-09-15,scholarly article,publisher/primary full-text or HTML inspection,writing calibration and citation where relevant,"compiler-fault localization, equal comparisons, and threats",no
Scorch public commit P01: Replace exec/eval with direct Python calls for CIN construction in einsum,https://github.com/bobbyyyan/scorch/commit/72c55d36de12f45a4dcdd222f760b0fb6c3b6276,public source linked only; no upstream code redistributed,2026-09-15,public source commit,read-only GitHub connector diff/metadata inspection,immutable locator and source-adapter evidence; clean-room model only,"Rejected complete-adapter candidate: 29,222 finite successful-domain AST comparisons agree, but source-reachable scalar operand/result controls differ; the one-to-four operand range is a model boundary, not an upstream constraint.",no
Scorch public commit P02: Refactor ModeIterator into IteratorBase class hierarchy with subclasses per level type,https://github.com/bobbyyyan/scorch/commit/f20d4ac5a17328b24045d1f43c7c8b76106e615f,public source linked only; no upstream code redistributed,2026-09-15,public source commit,read-only GitHub connector diff/metadata inspection,immutable locator and source-adapter evidence; clean-room model only,Factory dispatch class identity constructor exception behavior and mutable iterator state are outside the declared source adapters.,no
Scorch public commit P03: Refactor CIN lowerer: extract ResultTensorAssembler and helper classes,https://github.com/bobbyyyan/scorch/commit/08a92fe381cbddcbcfa2a616644f65b149d50287,public source linked only; no upstream code redistributed,2026-09-15,public source commit,read-only GitHub connector diff/metadata inspection,immutable locator and source-adapter evidence; clean-room model only,Large extraction crosses allocation ownership physical sparse assembly and foreign-memory lifetime; no complete adapter was established.,no
Scorch public commit P04: Refactor LLIRLowerer into dedicated helper methods,https://github.com/bobbyyyan/scorch/commit/d7a9cdc82819750c1a1285cded8385165ea51371,public source linked only; no upstream code redistributed,2026-09-15,public source commit,read-only GitHub connector diff/metadata inspection,immutable locator and source-adapter evidence; clean-room model only,Complete one-file dispatch extraction; structural induction gives identical generated C++ text for the changed LLIR algebra.,no
Scorch public commit P05: Consolidate format string parsing into a single helper,https://github.com/bobbyyyan/scorch/commit/404e10762f866303758ec60ac6a9cf996be7da0c,public source linked only; no upstream code redistributed,2026-09-15,public source commit,read-only GitHub connector diff/metadata inspection,immutable locator and source-adapter evidence; clean-room model only,Accepted input language changes and previously rejected aliases become valid; no invariant made the whole public API behavior preserving.,no
Scorch public commit P06: Extract CoordinateResolver class from lattice-point lowering,https://github.com/bobbyyyan/scorch/commit/2105686711292cd1d1eb2438035b555fa644bf2a,public source linked only; no upstream code redistributed,2026-09-15,public source commit,read-only GitHub connector diff/metadata inspection,immutable locator and source-adapter evidence; clean-room model only,"Sequential extraction partitions the parent resolver into five helpers called in original order; the admitted adapter compares complete typed LLIR node fields, and a same-kind off-by-one bound control is detected.",no
Scorch public commit P07: Add logical mode-order reordering for sparse tensors,https://github.com/bobbyyyan/scorch/commit/b606b3078082ba78a57ed818b848db7214026788,public source linked only; no upstream code redistributed,2026-09-15,public source commit,read-only GitHub connector diff/metadata inspection,immutable locator and source-adapter evidence; clean-room model only,Feature patch changes physical mode order mutable parent links workspace assembly and C++ coordinate hashing outside the affine rational model.,no
Scorch public commit P08: Clean up stale TODOs and enable kij outer-product SpMM test,https://github.com/bobbyyyan/scorch/commit/33532a3092035a93d4e78936e089c69fa6f3d3e9,public source linked only; no upstream code redistributed,2026-09-15,public source commit,read-only GitHub connector diff/metadata inspection,immutable locator and source-adapter evidence; clean-room model only,Mode-order initialization is equivalent only for the immutable fixed-production call-site inventory; 96 domain states agree and four absent-format controls are recorded separately as parent AttributeError versus child None.,no
Scorch public commit P09: Fix scheduler cost model bugs and add tuner,https://github.com/bobbyyyan/scorch/commit/0285d7be640354dd3e23d4f6bb120dce7145407f,public source linked only; no upstream code redistributed,2026-09-15,public source commit,read-only GitHub connector diff/metadata inspection,immutable locator and source-adapter evidence; clean-room model only,Scheduler output intentionally changes and uses heuristic floating costs; translating every resulting program is outside the frozen adapter set.,no
Scorch public commit P10: Fix mode-order alignment and broadcast dimensions,https://github.com/bobbyyyan/scorch/commit/642157c30d031a326459ae2194545efe39d66c88,public source linked only; no upstream code redistributed,2026-09-15,public source commit,read-only GitHub connector diff/metadata inspection,immutable locator and source-adapter evidence; clean-room model only,Correctness feature mutates physical mode orders and adds previously missing loops; before and after are not intended to be equivalent on the repaired domain.,no
Scorch public commit P11: Optimize SpMM cache path and compiler performance codegen,https://github.com/bobbyyyan/scorch/commit/b8932232cad36e521723e87cf70cdea7025d212f,public source linked only; no upstream code redistributed,2026-09-15,public source commit,read-only GitHub connector diff/metadata inspection,immutable locator and source-adapter evidence; clean-room model only,Multi-file OpenMP floating-point raw-memory and scheduling change exceeds the exact-rational side-effect-free fragment.,no
Scorch public commit P12: Refactor prebuilt kernel dispatch into typed modular registry,https://github.com/bobbyyyan/scorch/commit/5b79b905eb3ebaa31dae1164cfbcaa13a2ad321d,public source linked only; no upstream code redistributed,2026-09-15,public source commit,read-only GitHub connector diff/metadata inspection,immutable locator and source-adapter evidence; clean-room model only,Typed C++ kernels integer and floating semantics dispatch fallback and mode normalization require a whole-runtime model not present here.,no
Supplied acmart template family,https://www.acm.org/publications/authors/submissions,LPPL; paper/LICENSE,2026-09-15,publisher template,user-supplied matched TEMPLATE.zip,unchanged acmart.cls and ACM-Reference-Format.bst,author-visible internal acmsmall layout,no
TOSEM author guidelines,https://dl.acm.org/journal/tosem/author-guidelines,official workflow page; not a manuscript reference,2026-09-29,venue rules,final direct recheck returned HTTP 403,no substitution with unrelated venue rules,submission-readiness hold,no
ACM authorship policy,https://www.acm.org/publications/policies/authorship,official policy page; not a manuscript reference,2026-09-15,publisher policy,official URL and 2026 policy cross-check; direct page access restricted,external-use policy record,human accountability and AI-use disclosure hold,no
Mirage official OSDI record,https://www.usenix.org/conference/osdi25/presentation/wu-mengdi,USENIX open-access scholarly record; not redistributed,2026-09-19,scholarly conference paper,official USENIX proceedings page and BibTeX inspection,citation and closest-work comparison only,multi-level tensor-program superoptimization and probabilistic equivalence checking,no
EqiForge primary record,https://arxiv.org/abs/2609.12330,arXiv scholarly record; not redistributed,2026-09-19,scholarly preprint,arXiv primary record and substantive full-text inspection,citation and newest closest-work comparison only,equality-saturation superoptimization over high-level and tiled tensor expressions,no
