id,split,commit_sha,commit_title,decision,adapter_id,production_files,reason,source_url
P01,development,72c55d36de12f45a4dcdd222f760b0fb6c3b6276,Replace exec/eval with direct Python calls for CIN construction in einsum,abstained,,src/scorch/ops.py,"The 1--4 operand range is only a finite validation boundary. The source asserts only that some index variable exists; mixed scalar/non-scalar operands and scalar results reach the changed region and can change parent/child behavior, so the source invariant required by the adapter cannot be established.",https://github.com/bobbyyyan/scorch/commit/72c55d36de12f45a4dcdd222f760b0fb6c3b6276
P02,development,f20d4ac5a17328b24045d1f43c7c8b76106e615f,Refactor ModeIterator into IteratorBase class hierarchy with subclasses per level type,abstained,,src/scorch/compiler/iter_lattice.py;src/scorch/compiler/iterator.py,Factory dispatch class identity constructor exception behavior and mutable iterator state are outside the declared source adapters.,https://github.com/bobbyyyan/scorch/commit/f20d4ac5a17328b24045d1f43c7c8b76106e615f
P03,development,08a92fe381cbddcbcfa2a616644f65b149d50287,Refactor CIN lowerer: extract ResultTensorAssembler and helper classes,abstained,,src/scorch/compiler/cin_lowerer.py,Large extraction crosses allocation ownership physical sparse assembly and foreign-memory lifetime; no complete adapter was established.,https://github.com/bobbyyyan/scorch/commit/08a92fe381cbddcbcfa2a616644f65b149d50287
P04,development,d7a9cdc82819750c1a1285cded8385165ea51371,Refactor LLIRLowerer into dedicated helper methods,admitted,P04,src/scorch/compiler/codegen.py,"Complete one-file dispatch extraction. Independent parent-monolith and child-helper models cover all changed renderer branches, including comments, blank lines, condition lists, make_last_case_else, and ForLoop.init=None; structural induction connects node equality to identical C++ text.",https://github.com/bobbyyyan/scorch/commit/d7a9cdc82819750c1a1285cded8385165ea51371
P05,held-out,404e10762f866303758ec60ac6a9cf996be7da0c,Consolidate format string parsing into a single helper,abstained,,src/scorch/format.py;src/scorch/utils.py,Accepted input language changes and previously rejected aliases become valid; no invariant made the whole public API behavior preserving.,https://github.com/bobbyyyan/scorch/commit/404e10762f866303758ec60ac6a9cf996be7da0c
P06,held-out,2105686711292cd1d1eb2438035b555fa644bf2a,Extract CoordinateResolver class from lattice-point lowering,admitted,P06,src/scorch/compiler/iter_lattice.py,"The child partitions the parent method into five helpers invoked in the original order. The adapter compares complete LLIR trees and the persistent ordered pending-coordinate post-map; insertion by name precedes dependency readiness scanning, ready deletion and unready retention. Independent effect replay and multi-call state-only controls reject output-only equality.",https://github.com/bobbyyyan/scorch/commit/2105686711292cd1d1eb2438035b555fa644bf2a
P07,held-out,b606b3078082ba78a57ed818b848db7214026788,Add logical mode-order reordering for sparse tensors,abstained,,csrc/header.cpp;src/scorch/compiler/cin.py;src/scorch/compiler/cin_lowerer.py;src/scorch/compiler/iter_lattice.py;src/scorch/ops.py;src/scorch/stensor.py,Feature patch changes physical mode order mutable parent links workspace assembly and C++ coordinate hashing outside the affine rational model.,https://github.com/bobbyyyan/scorch/commit/b606b3078082ba78a57ed818b848db7214026788
P08,held-out,33532a3092035a93d4e78936e089c69fa6f3d3e9,Clean up stale TODOs and enable kij outer-product SpMM test,admitted,P08,src/scorch/compiler/cin.py;src/scorch/compiler/cin_lowerer.py;src/scorch/compiler/iter_lattice.py,"The only runtime production hunk is TensorVar mode-order initialization; the other two production edits are comments. Fixed-tree production call sites always supply a format directly or through Workspace.format. Ninety-six equivalence-domain combinations match; four absent-format controls are separately recorded as old AttributeError versus new None and excluded by the documented production-call invariant.",https://github.com/bobbyyyan/scorch/commit/33532a3092035a93d4e78936e089c69fa6f3d3e9
P09,held-out,0285d7be640354dd3e23d4f6bb120dce7145407f,Fix scheduler cost model bugs and add tuner,abstained,,src/scorch/compiler/scheduler.py;tools/tests,Scheduler output intentionally changes and uses heuristic floating costs; translating every resulting program is outside the frozen adapter set.,https://github.com/bobbyyyan/scorch/commit/0285d7be640354dd3e23d4f6bb120dce7145407f
P10,held-out,642157c30d031a326459ae2194545efe39d66c88,Fix mode-order alignment and broadcast dimensions,abstained,,src/scorch/compiler/iter_lattice.py;src/scorch/ops.py,Correctness feature mutates physical mode orders and adds previously missing loops; before and after are not intended to be equivalent on the repaired domain.,https://github.com/bobbyyyan/scorch/commit/642157c30d031a326459ae2194545efe39d66c88
P11,held-out,b8932232cad36e521723e87cf70cdea7025d212f,Optimize SpMM cache path and compiler performance codegen,abstained,,csrc;src/scorch/compiler;src/scorch/ops.py,Multi-file OpenMP floating-point raw-memory and scheduling change exceeds the exact-rational side-effect-free fragment.,https://github.com/bobbyyyan/scorch/commit/b8932232cad36e521723e87cf70cdea7025d212f
P12,held-out,5b79b905eb3ebaa31dae1164cfbcaa13a2ad321d,Refactor prebuilt kernel dispatch into typed modular registry,abstained,,csrc;src/scorch/ops.py;src/scorch/prebuilt_kernels.py,Typed C++ kernels integer and floating semantics dispatch fallback and mode normalization require a whole-runtime model not present here.,https://github.com/bobbyyyan/scorch/commit/5b79b905eb3ebaa31dae1164cfbcaa13a2ad321d
