key,checked_on,official_record_url,source_class,matched_fields,status,note
yan2026tensorbench,2026-09-29,https://doi.org/10.48550/arXiv.2606.05570,arXiv primary record with DataCite DOI,identifier; title; authors and order; year; venue/container; pages or article number when applicable,verified-primary-record,Complete primary-record metadata reconciliation frozen for offline reproduction; reproduction does not contact the network or replace source reading.
bang2022validation,2026-09-29,https://doi.org/10.1007/978-3-031-13188-2_19,Springer DOI publisher record,identifier; title; authors and order; year; venue/container; pages or article number when applicable,verified-primary-record,Complete primary-record metadata reconciliation frozen for offline reproduction; reproduction does not contact the network or replace source reading.
liu2022scheduling,2026-09-29,https://doi.org/10.1145/3498717,ACM DOI publisher record,identifier; title; authors and order; year; venue/container; pages or article number when applicable,verified-primary-record,Complete primary-record metadata reconciliation frozen for offline reproduction; reproduction does not contact the network or replace source reading.
wu2026prism,2026-09-29,https://doi.org/10.48550/arXiv.2604.15272,arXiv primary record with DataCite DOI,identifier; title; authors and order; year; venue/container; pages or article number when applicable,verified-primary-record,Complete primary-record metadata reconciliation frozen for offline reproduction; reproduction does not contact the network or replace source reading.
qiu2024tenspiler,2026-09-29,https://doi.org/10.4230/LIPIcs.ECOOP.2024.32,Dagstuhl LIPIcs publisher record,identifier; title; authors and order; year; venue/container; pages or article number when applicable,verified-primary-record,Complete primary-record metadata reconciliation frozen for offline reproduction; reproduction does not contact the network or replace source reading.
arora2025tensorright,2026-09-29,https://doi.org/10.1145/3704865,ACM DOI publisher record,identifier; title; authors and order; year; venue/container; pages or article number when applicable,verified-primary-record,Complete primary-record metadata reconciliation frozen for offline reproduction; reproduction does not contact the network or replace source reading.
kjolstad2017taco,2026-09-29,https://doi.org/10.1145/3133901,ACM DOI publisher record,identifier; title; authors and order; year; venue/container; pages or article number when applicable,verified-primary-record,Complete primary-record metadata reconciliation frozen for offline reproduction; reproduction does not contact the network or replace source reading.
kjolstad2017tool,2026-09-29,https://doi.org/10.1109/ASE.2017.8115709,IEEE DOI publisher record,identifier; title; authors and order; year; venue/container; pages or article number when applicable,verified-primary-record,Complete primary-record metadata reconciliation frozen for offline reproduction; reproduction does not contact the network or replace source reading.
kjolstad2019workspaces,2026-09-29,https://doi.org/10.1109/CGO.2019.8661185,IEEE DOI publisher record,identifier; title; authors and order; year; venue/container; pages or article number when applicable,verified-primary-record,Complete primary-record metadata reconciliation frozen for offline reproduction; reproduction does not contact the network or replace source reading.
chou2018format,2026-09-29,https://doi.org/10.1145/3276493,ACM DOI publisher record,identifier; title; authors and order; year; venue/container; pages or article number when applicable,verified-primary-record,Complete primary-record metadata reconciliation frozen for offline reproduction; reproduction does not contact the network or replace source reading.
chou2020conversion,2026-09-29,https://doi.org/10.1145/3385412.3385963,ACM DOI publisher record,identifier; title; authors and order; year; venue/container; pages or article number when applicable,verified-primary-record,Complete primary-record metadata reconciliation frozen for offline reproduction; reproduction does not contact the network or replace source reading.
ahrens2023looplets,2026-09-29,https://doi.org/10.1145/3579990.3580020,ACM DOI publisher record,identifier; title; authors and order; year; venue/container; pages or article number when applicable,verified-primary-record,Complete primary-record metadata reconciliation frozen for offline reproduction; reproduction does not contact the network or replace source reading.
ahrens2025finch,2026-09-29,https://doi.org/10.1145/3720473,ACM DOI publisher record,identifier; title; authors and order; year; venue/container; pages or article number when applicable,verified-primary-record,Complete primary-record metadata reconciliation frozen for offline reproduction; reproduction does not contact the network or replace source reading.
ye2023sparsetir,2026-09-29,https://doi.org/10.1145/3582016.3582047,ACM DOI publisher record,identifier; title; authors and order; year; venue/container; pages or article number when applicable,verified-primary-record,Complete primary-record metadata reconciliation frozen for offline reproduction; reproduction does not contact the network or replace source reading.
feng2023tensorir,2026-09-29,https://doi.org/10.1145/3575693.3576933,ACM DOI publisher record,identifier; title; authors and order; year; venue/container; pages or article number when applicable,verified-primary-record,Complete primary-record metadata reconciliation frozen for offline reproduction; reproduction does not contact the network or replace source reading.
liu2024unisparse,2026-09-29,https://doi.org/10.1145/3649816,ACM DOI publisher record,identifier; title; authors and order; year; venue/container; pages or article number when applicable,verified-primary-record,Complete primary-record metadata reconciliation frozen for offline reproduction; reproduction does not contact the network or replace source reading.
patel2024systec,2026-09-29,https://doi.org/10.1145/3696443.3708919,ACM DOI publisher record,identifier; title; authors and order; year; venue/container; pages or article number when applicable,verified-primary-record,Complete primary-record metadata reconciliation frozen for offline reproduction; reproduction does not contact the network or replace source reading.
hsu2023sam,2026-09-29,https://doi.org/10.1145/3582016.3582051,ACM DOI publisher record,identifier; title; authors and order; year; venue/container; pages or article number when applicable,verified-primary-record,Complete primary-record metadata reconciliation frozen for offline reproduction; reproduction does not contact the network or replace source reading.
hagedorn2023graphene,2026-09-29,https://doi.org/10.1145/3582016.3582018,ACM DOI publisher record,identifier; title; authors and order; year; venue/container; pages or article number when applicable,verified-primary-record,Complete primary-record metadata reconciliation frozen for offline reproduction; reproduction does not contact the network or replace source reading.
tian2021comet,2026-09-29,https://doi.org/10.1109/LLVMHPC54804.2021.00009,IEEE DOI publisher record,identifier; title; authors and order; year; venue/container; pages or article number when applicable,verified-primary-record,Complete primary-record metadata reconciliation frozen for offline reproduction; reproduction does not contact the network or replace source reading.
mutlu2022comet,2026-09-29,https://doi.org/10.1007/978-3-030-95953-1_7,Springer DOI publisher record,identifier; title; authors and order; year; venue/container; pages or article number when applicable,verified-primary-record,Complete primary-record metadata reconciliation frozen for offline reproduction; reproduction does not contact the network or replace source reading.
vasilache2018tensor,2026-09-29,https://doi.org/10.48550/arXiv.1802.04730,arXiv primary record with DataCite DOI,identifier; title; authors and order; year; venue/container; pages or article number when applicable,verified-primary-record,Complete primary-record metadata reconciliation frozen for offline reproduction; reproduction does not contact the network or replace source reading.
baghdadi2019tiramisu,2026-09-29,https://doi.org/10.1109/CGO.2019.8661197,IEEE DOI publisher record,identifier; title; authors and order; year; venue/container; pages or article number when applicable,verified-primary-record,Complete primary-record metadata reconciliation frozen for offline reproduction; reproduction does not contact the network or replace source reading.
ragankelley2013halide,2026-09-29,https://doi.org/10.1145/2499370.2462176,ACM DOI publisher record,identifier; title; authors and order; year; venue/container; pages or article number when applicable,verified-primary-record,Complete primary-record metadata reconciliation frozen for offline reproduction; reproduction does not contact the network or replace source reading.
chen2018tvm,2026-09-29,https://www.usenix.org/conference/osdi18/presentation/chen,official USENIX proceedings record,identifier; title; authors and order; year; venue/container; pages or article number when applicable,verified-primary-record,Complete primary-record metadata reconciliation frozen for offline reproduction; reproduction does not contact the network or replace source reading.
zheng2020ansor,2026-09-29,https://www.usenix.org/conference/osdi20/presentation/zheng,official USENIX proceedings record,identifier; title; authors and order; year; venue/container; pages or article number when applicable,verified-primary-record,Complete primary-record metadata reconciliation frozen for offline reproduction; reproduction does not contact the network or replace source reading.
bennun2019dace,2026-09-29,https://doi.org/10.1145/3295500.3356173,ACM DOI publisher record,identifier; title; authors and order; year; venue/container; pages or article number when applicable,verified-primary-record,Complete primary-record metadata reconciliation frozen for offline reproduction; reproduction does not contact the network or replace source reading.
zhang2018graphit,2026-09-29,https://doi.org/10.1145/3276491,ACM DOI publisher record,identifier; title; authors and order; year; venue/container; pages or article number when applicable,verified-primary-record,Complete primary-record metadata reconciliation frozen for offline reproduction; reproduction does not contact the network or replace source reading.
lattner2021mlir,2026-09-29,https://doi.org/10.1109/CGO51591.2021.9370308,IEEE DOI publisher record,identifier; title; authors and order; year; venue/container; pages or article number when applicable,verified-primary-record,Complete primary-record metadata reconciliation frozen for offline reproduction; reproduction does not contact the network or replace source reading.
jia2019taso,2026-09-29,https://doi.org/10.1145/3341301.3359630,ACM DOI publisher record,identifier; title; authors and order; year; venue/container; pages or article number when applicable,verified-primary-record,Complete primary-record metadata reconciliation frozen for offline reproduction; reproduction does not contact the network or replace source reading.
yang2021tensat,2026-09-29,https://proceedings.mlsys.org/paper_files/paper/2021/hash/cc427d934a7f6c0663e5923f49eba531-Abstract.html,official MLSys proceedings record,identifier; title; authors and order; year; venue/container; pages or article number when applicable,verified-primary-record,Complete primary-record metadata reconciliation frozen for offline reproduction; reproduction does not contact the network or replace source reading.
willsey2021egg,2026-09-29,https://doi.org/10.1145/3434304,ACM DOI publisher record,identifier; title; authors and order; year; venue/container; pages or article number when applicable,verified-primary-record,Complete primary-record metadata reconciliation frozen for offline reproduction; reproduction does not contact the network or replace source reading.
adams2019halide,2026-09-29,https://doi.org/10.1145/3306346.3322967,ACM DOI publisher record,identifier; title; authors and order; year; venue/container; pages or article number when applicable,verified-primary-record,Complete primary-record metadata reconciliation frozen for offline reproduction; reproduction does not contact the network or replace source reading.
pnueli1998translation,2026-10-09,https://doi.org/10.1007/BFb0054170,Springer DOI publisher record,identifier; title; authors and order; year; venue/container; pages or article number when applicable; publisher,verified-primary-record,Springer citation and publisher fields checked; proceedings year 1998 retained rather than later digital publication date.
necula2000translation,2026-09-29,https://doi.org/10.1145/349299.349314,ACM DOI publisher record,identifier; title; authors and order; year; venue/container; pages or article number when applicable,verified-primary-record,Complete primary-record metadata reconciliation frozen for offline reproduction; reproduction does not contact the network or replace source reading.
leroy2009compcert,2026-09-29,https://doi.org/10.1145/1538788.1538814,ACM DOI publisher record,identifier; title; authors and order; year; venue/container; pages or article number when applicable,verified-primary-record,Complete primary-record metadata reconciliation frozen for offline reproduction; reproduction does not contact the network or replace source reading.
zhao2012vellvm,2026-09-29,https://doi.org/10.1145/2103656.2103709,ACM DOI publisher record,identifier; title; authors and order; year; venue/container; pages or article number when applicable,verified-primary-record,Complete primary-record metadata reconciliation frozen for offline reproduction; reproduction does not contact the network or replace source reading.
lopes2015alive,2026-09-29,https://doi.org/10.1145/2737924.2737965,ACM DOI publisher record,identifier; title; authors and order; year; venue/container; pages or article number when applicable,verified-primary-record,Complete primary-record metadata reconciliation frozen for offline reproduction; reproduction does not contact the network or replace source reading.
lopes2021alive2,2026-09-29,https://doi.org/10.1145/3453483.3454030,ACM DOI publisher record,identifier; title; authors and order; year; venue/container; pages or article number when applicable,verified-primary-record,Complete primary-record metadata reconciliation frozen for offline reproduction; reproduction does not contact the network or replace source reading.
lee2021memory,2026-09-29,https://doi.org/10.1007/978-3-030-81688-9_35,Springer DOI publisher record,identifier; title; authors and order; year; venue/container; pages or article number when applicable,verified-primary-record,Complete primary-record metadata reconciliation frozen for offline reproduction; reproduction does not contact the network or replace source reading.
courant2021polyhedral,2026-09-29,https://doi.org/10.1145/3434321,ACM DOI publisher record,identifier; title; authors and order; year; venue/container; pages or article number when applicable,verified-primary-record,Complete primary-record metadata reconciliation frozen for offline reproduction; reproduction does not contact the network or replace source reading.
necula1997pcc,2026-09-29,https://doi.org/10.1145/263699.263712,ACM DOI publisher record,identifier; title; authors and order; year; venue/container; pages or article number when applicable,verified-primary-record,Complete primary-record metadata reconciliation frozen for offline reproduction; reproduction does not contact the network or replace source reading.
cousot1977abstract,2026-09-29,https://doi.org/10.1145/512950.512973,ACM DOI publisher record,identifier; title; authors and order; year; venue/container; pages or article number when applicable,verified-primary-record,Complete primary-record metadata reconciliation frozen for offline reproduction; reproduction does not contact the network or replace source reading.
demoura2008z3,2026-09-29,https://doi.org/10.1007/978-3-540-78800-3_24,Springer DOI publisher record,identifier; title; authors and order; year; venue/container; pages or article number when applicable,verified-primary-record,Complete primary-record metadata reconciliation frozen for offline reproduction; reproduction does not contact the network or replace source reading.
king1976symbolic,2026-09-29,https://doi.org/10.1145/360248.360252,ACM DOI publisher record,identifier; title; authors and order; year; venue/container; pages or article number when applicable,verified-primary-record,Complete primary-record metadata reconciliation frozen for offline reproduction; reproduction does not contact the network or replace source reading.
cadar2008klee,2026-09-29,https://www.usenix.org/legacy/event/osdi08/tech/full_papers/cadar/cadar.pdf,official USENIX proceedings record,identifier; title; authors and order; year; venue/container; pages or article number when applicable,verified-primary-record,Complete primary-record metadata reconciliation frozen for offline reproduction; reproduction does not contact the network or replace source reading.
pugh1992omega,2026-09-29,https://doi.org/10.1145/135226.135243,ACM DOI publisher record,identifier; title; authors and order; year; venue/container; pages or article number when applicable,verified-primary-record,Complete primary-record metadata reconciliation frozen for offline reproduction; reproduction does not contact the network or replace source reading.
schkufza2013stoke,2026-09-29,https://doi.org/10.1145/2451116.2451150,ACM DOI publisher record,identifier; title; authors and order; year; venue/container; pages or article number when applicable,verified-primary-record,Complete primary-record metadata reconciliation frozen for offline reproduction; reproduction does not contact the network or replace source reading.
yang2011csmith,2026-09-29,https://doi.org/10.1145/1993498.1993532,ACM DOI publisher record,identifier; title; authors and order; year; venue/container; pages or article number when applicable,verified-primary-record,Complete primary-record metadata reconciliation frozen for offline reproduction; reproduction does not contact the network or replace source reading.
le2014emi,2026-09-29,https://doi.org/10.1145/2666356.2594334,ACM DOI publisher record,identifier; title; authors and order; year; venue/container; pages or article number when applicable,verified-primary-record,Complete primary-record metadata reconciliation frozen for offline reproduction; reproduction does not contact the network or replace source reading.
le2015athena,2026-09-29,https://doi.org/10.1145/2814270.2814319,ACM DOI publisher record,identifier; title; authors and order; year; venue/container; pages or article number when applicable,verified-primary-record,Complete primary-record metadata reconciliation frozen for offline reproduction; reproduction does not contact the network or replace source reading.
livinskii2020yarpgen,2026-09-29,https://doi.org/10.1145/3428264,ACM DOI publisher record,identifier; title; authors and order; year; venue/container; pages or article number when applicable,verified-primary-record,Complete primary-record metadata reconciliation frozen for offline reproduction; reproduction does not contact the network or replace source reading.
liu2023nnsmith,2026-09-29,https://doi.org/10.1145/3575693.3575707,ACM DOI publisher record,identifier; title; authors and order; year; venue/container; pages or article number when applicable,verified-primary-record,Complete primary-record metadata reconciliation frozen for offline reproduction; reproduction does not contact the network or replace source reading.
ma2023hirgen,2026-09-29,https://doi.org/10.1145/3597926.3598053,ACM DOI publisher record,identifier; title; authors and order; year; venue/container; pages or article number when applicable,verified-primary-record,Complete primary-record metadata reconciliation frozen for offline reproduction; reproduction does not contact the network or replace source reading.
wei2022freelunch,2026-09-29,https://doi.org/10.1145/3510003.3510041,ACM DOI publisher record,identifier; title; authors and order; year; venue/container; pages or article number when applicable,verified-primary-record,Complete primary-record metadata reconciliation frozen for offline reproduction; reproduction does not contact the network or replace source reading.
pei2017deepxplore,2026-09-29,https://doi.org/10.1145/3132747.3132785,ACM DOI publisher record,identifier; title; authors and order; year; venue/container; pages or article number when applicable,verified-primary-record,Complete primary-record metadata reconciliation frozen for offline reproduction; reproduction does not contact the network or replace source reading.
tian2018deeptest,2026-09-29,https://doi.org/10.1145/3180155.3180220,ACM DOI publisher record,identifier; title; authors and order; year; venue/container; pages or article number when applicable,verified-primary-record,Complete primary-record metadata reconciliation frozen for offline reproduction; reproduction does not contact the network or replace source reading.
xie2019deephunter,2026-09-29,https://doi.org/10.1145/3293882.3330579,ACM DOI publisher record,identifier; title; authors and order; year; venue/container; pages or article number when applicable,verified-primary-record,Complete primary-record metadata reconciliation frozen for offline reproduction; reproduction does not contact the network or replace source reading.
pham2019cradle,2026-09-29,https://doi.org/10.1109/ICSE.2019.00107,IEEE DOI publisher record,identifier; title; authors and order; year; venue/container; pages or article number when applicable,verified-primary-record,Complete primary-record metadata reconciliation frozen for offline reproduction; reproduction does not contact the network or replace source reading.
li2023mlirsmith,2026-09-29,https://doi.org/10.1109/ASE56229.2023.00120,IEEE DOI publisher record,identifier; title; authors and order; year; venue/container; pages or article number when applicable,verified-primary-record,Complete primary-record metadata reconciliation frozen for offline reproduction; reproduction does not contact the network or replace source reading.
chen2020survey,2026-09-29,https://doi.org/10.1145/3363562,ACM DOI publisher record,identifier; title; authors and order; year; venue/container; pages or article number when applicable,verified-primary-record,Complete primary-record metadata reconciliation frozen for offline reproduction; reproduction does not contact the network or replace source reading.
chen2016comparison,2026-09-29,https://doi.org/10.1145/2884781.2884878,ACM DOI publisher record,identifier; title; authors and order; year; venue/container; pages or article number when applicable,verified-primary-record,Complete primary-record metadata reconciliation frozen for offline reproduction; reproduction does not contact the network or replace source reading.
mckeeman1998differential,2026-09-29,https://dblp.org/rec/journals/dtj/McKeeman98,stable DBLP bibliographic record,identifier; title; authors and order; year; venue/container; pages or article number when applicable,verified-primary-record,Complete primary-record metadata reconciliation frozen for offline reproduction; reproduction does not contact the network or replace source reading.
claessen2000quickcheck,2026-09-29,https://doi.org/10.1145/351240.351266,ACM DOI publisher record,identifier; title; authors and order; year; venue/container; pages or article number when applicable,verified-primary-record,Complete primary-record metadata reconciliation frozen for offline reproduction; reproduction does not contact the network or replace source reading.
jackson2002small,2026-09-29,https://doi.org/10.1145/505145.505149,ACM DOI publisher record,identifier; title; authors and order; year; venue/container; pages or article number when applicable,verified-primary-record,Complete primary-record metadata reconciliation frozen for offline reproduction; reproduction does not contact the network or replace source reading.
zeller2002simplifying,2026-09-29,https://doi.org/10.1109/32.988498,IEEE DOI publisher record,identifier; title; authors and order; year; venue/container; pages or article number when applicable,verified-primary-record,Complete primary-record metadata reconciliation frozen for offline reproduction; reproduction does not contact the network or replace source reading.
barr2015oracle,2026-09-29,https://doi.org/10.1109/TSE.2014.2372785,IEEE DOI publisher record,identifier; title; authors and order; year; venue/container; pages or article number when applicable,verified-primary-record,Complete primary-record metadata reconciliation frozen for offline reproduction; reproduction does not contact the network or replace source reading.
segura2016metamorphic,2026-09-29,https://doi.org/10.1109/TSE.2016.2532875,IEEE DOI publisher record,identifier; title; authors and order; year; venue/container; pages or article number when applicable,verified-primary-record,Complete primary-record metadata reconciliation frozen for offline reproduction; reproduction does not contact the network or replace source reading.
jia2011mutation,2026-09-29,https://doi.org/10.1109/TSE.2010.62,IEEE DOI publisher record,identifier; title; authors and order; year; venue/container; pages or article number when applicable,verified-primary-record,Complete primary-record metadata reconciliation frozen for offline reproduction; reproduction does not contact the network or replace source reading.
sun2023feedback,2026-09-29,https://doi.org/10.1145/3533314,ACM DOI publisher record,identifier; title; authors and order; year; venue/container; pages or article number when applicable,verified-primary-record,Complete primary-record metadata reconciliation frozen for offline reproduction; reproduction does not contact the network or replace source reading.
xu2024mrscout,2026-09-29,https://doi.org/10.1145/3656340,ACM DOI publisher record,identifier; title; authors and order; year; venue/container; pages or article number when applicable,verified-primary-record,Complete primary-record metadata reconciliation frozen for offline reproduction; reproduction does not contact the network or replace source reading.
liu2024gandalf,2026-09-29,https://doi.org/10.1145/3628159,ACM DOI publisher record,identifier; title; authors and order; year; venue/container; pages or article number when applicable,verified-primary-record,Complete primary-record metadata reconciliation frozen for offline reproduction; reproduction does not contact the network or replace source reading.
xia2024enumerating,2026-09-29,https://doi.org/10.1145/3647994,ACM DOI publisher record,identifier; title; authors and order; year; venue/container; pages or article number when applicable,verified-primary-record,Complete primary-record metadata reconciliation frozen for offline reproduction; reproduction does not contact the network or replace source reading.
harzevili2025history,2026-09-29,https://doi.org/10.1145/3688838,ACM DOI publisher record,identifier; title; authors and order; year; venue/container; pages or article number when applicable,verified-primary-record,Complete primary-record metadata reconciliation frozen for offline reproduction; reproduction does not contact the network or replace source reading.
wu2026attributes,2026-09-29,https://doi.org/10.1145/3793554,ACM DOI publisher record,identifier; title; authors and order; year; venue/container; pages or article number when applicable,verified-primary-record,Complete primary-record metadata reconciliation frozen for offline reproduction; reproduction does not contact the network or replace source reading.
lee2026feature,2026-09-29,https://doi.org/10.1145/3808231,ACM DOI publisher record,identifier; title; authors and order; year; venue/container; pages or article number when applicable,verified-primary-record,Complete primary-record metadata reconciliation frozen for offline reproduction; reproduction does not contact the network or replace source reading.
li2026multiconf,2026-09-29,https://doi.org/10.1145/3786786,ACM DOI publisher record,identifier; title; authors and order; year; venue/container; pages or article number when applicable,verified-primary-record,Complete primary-record metadata reconciliation frozen for offline reproduction; reproduction does not contact the network or replace source reading.
chen2016jvm,2026-09-29,https://doi.org/10.1145/2908080.2908095,ACM DOI publisher record,identifier; title; authors and order; year; venue/container; pages or article number when applicable,verified-primary-record,Complete primary-record metadata reconciliation frozen for offline reproduction; reproduction does not contact the network or replace source reading.
midtgaard2017quickchecking,2026-09-29,https://doi.org/10.1145/3110259,ACM DOI publisher record,identifier; title; authors and order; year; venue/container; pages or article number when applicable,verified-primary-record,Complete primary-record metadata reconciliation frozen for offline reproduction; reproduction does not contact the network or replace source reading.
zhang2018tensorflow,2026-09-29,https://doi.org/10.1145/3213846.3213866,ACM DOI publisher record,identifier; title; authors and order; year; venue/container; pages or article number when applicable,verified-primary-record,Complete primary-record metadata reconciliation frozen for offline reproduction; reproduction does not contact the network or replace source reading.
shen2021compilerbugs,2026-09-29,https://doi.org/10.1145/3468264.3468591,ACM DOI publisher record,identifier; title; authors and order; year; venue/container; pages or article number when applicable,verified-primary-record,Complete primary-record metadata reconciliation frozen for offline reproduction; reproduction does not contact the network or replace source reading.
wu2025mirage,2026-09-29,https://www.usenix.org/conference/osdi25/presentation/wu-mengdi,official USENIX proceedings record,identifier; title; authors and order; year; venue/container; pages or article number when applicable,verified-primary-record,Complete primary-record metadata reconciliation frozen for offline reproduction; reproduction does not contact the network or replace source reading.
zhan2026eqiforge,2026-09-29,https://doi.org/10.48550/arXiv.2609.12330,arXiv primary record with DataCite DOI,identifier; title; authors and order; year; venue/container; pages or article number when applicable,verified-primary-record,Complete primary-record metadata reconciliation frozen for offline reproduction; reproduction does not contact the network or replace source reading.
