key,checked_on,citation_locations,context_excerpt,status,note
yan2026tensorbench,2026-09-29,sections/01-introduction.tex:21; sections/08-related.tex:144,"constructs repository tasks for a compiler-based tensor framework and grades candidate patches with existing and generated tests~\cite{yan2026tensorbench}. That is useful for measuring whether a patch survives a test oracle, but passing a || TensorBench's repository tasks and test-based grading directly motivate the need to state what a passing patch means~\cite{yan2026tensorbench}. A repository test can reveal incompatibility that an abstract model omits, while a universal proof",context-reviewed,Citation location and surrounding claim reviewed for topical fit; this ledger does not replace reading the cited source or independently validate this paper.
bang2022validation,2026-09-29,sections/01-introduction.tex:36; sections/08-related.tex:70,"verification, and symbolic superoptimization to substantially richer languages than ours~\cite{bang2022validation,liu2022scheduling,qiu2024tenspiler,arora2025tensorright,wu2026prism}. Our goal is not to replace those systems or to claim that scalarizing tensor || validation encodes tensor operators and refinement strategies \cite{bang2022validation}. Verified scheduling rewrites connect high-level schedule transformations to a functional semantics~\cite{liu2022scheduling}. Tenspiler",context-reviewed,Citation location and surrounding claim reviewed for topical fit; this ledger does not replace reading the cited source or independently validate this paper.
liu2022scheduling,2026-09-29,sections/01-introduction.tex:36; sections/08-related.tex:71,"verification, and symbolic superoptimization to substantially richer languages than ours~\cite{bang2022validation,liu2022scheduling,qiu2024tenspiler,arora2025tensorright,wu2026prism}. Our goal is not to replace those systems or to claim that scalarizing tensor || \cite{bang2022validation}. Verified scheduling rewrites connect high-level schedule transformations to a functional semantics~\cite{liu2022scheduling}. Tenspiler lifts sequential code into a tensor IR and verifies the synthesized result;",context-reviewed,Citation location and surrounding claim reviewed for topical fit; this ledger does not replace reading the cited source or independently validate this paper.
wu2026prism,2026-09-29,sections/01-introduction.tex:36; sections/08-related.tex:74,"verification, and symbolic superoptimization to substantially richer languages than ours~\cite{bang2022validation,liu2022scheduling,qiu2024tenspiler,arora2025tensorright,wu2026prism}. Our goal is not to replace those systems or to claim that scalarizing tensor || TensorRight verifies tensor graph rewrites; Prism performs symbolic tensor superoptimization~\cite{qiu2024tenspiler,arora2025tensorright,wu2026prism}. These systems are broader in operators or stronger in mechanization than this",context-reviewed,Citation location and surrounding claim reviewed for topical fit; this ledger does not replace reading the cited source or independently validate this paper.
qiu2024tenspiler,2026-09-29,sections/01-introduction.tex:36; sections/08-related.tex:74; sections/08-related.tex:154,"verification, and symbolic superoptimization to substantially richer languages than ours~\cite{bang2022validation,liu2022scheduling,qiu2024tenspiler,arora2025tensorright,wu2026prism}. Our goal is not to replace those systems or to claim that scalarizing tensor || TensorRight verifies tensor graph rewrites; Prism performs symbolic tensor superoptimization~\cite{qiu2024tenspiler,arora2025tensorright,wu2026prism}. These systems are broader in operators or stronger in mechanization than this || smaller semantic language. Tenspiler synthesizes and verifies such lifting for its supported source programs~\cite{qiu2024tenspiler}; our study manually specifies three admitted refactor adapters and one rejected candidate model. Their key methodological constraint is",context-reviewed,Citation location and surrounding claim reviewed for topical fit; this ledger does not replace reading the cited source or independently validate this paper.
arora2025tensorright,2026-09-29,sections/01-introduction.tex:36; sections/08-related.tex:74,"verification, and symbolic superoptimization to substantially richer languages than ours~\cite{bang2022validation,liu2022scheduling,qiu2024tenspiler,arora2025tensorright,wu2026prism}. Our goal is not to replace those systems or to claim that scalarizing tensor || TensorRight verifies tensor graph rewrites; Prism performs symbolic tensor superoptimization~\cite{qiu2024tenspiler,arora2025tensorright,wu2026prism}. These systems are broader in operators or stronger in mechanization than this",context-reviewed,Citation location and surrounding claim reviewed for topical fit; this ledger does not replace reading the cited source or independently validate this paper.
kjolstad2017taco,2026-09-29,sections/08-related.tex:12,"algebra, with a companion tool paper documenting an accessible compiler interface~\cite{kjolstad2017taco,kjolstad2017tool}. Workspaces separate computation from sparse result assembly~\cite{kjolstad2019workspaces}; format abstractions and",context-reviewed,Citation location and surrounding claim reviewed for topical fit; this ledger does not replace reading the cited source or independently validate this paper.
kjolstad2017tool,2026-09-29,sections/08-related.tex:12,"algebra, with a companion tool paper documenting an accessible compiler interface~\cite{kjolstad2017taco,kjolstad2017tool}. Workspaces separate computation from sparse result assembly~\cite{kjolstad2019workspaces}; format abstractions and",context-reviewed,Citation location and surrounding claim reviewed for topical fit; this ledger does not replace reading the cited source or independently validate this paper.
kjolstad2019workspaces,2026-09-29,sections/08-related.tex:13,"interface~\cite{kjolstad2017taco,kjolstad2017tool}. Workspaces separate computation from sparse result assembly~\cite{kjolstad2019workspaces}; format abstractions and generated conversion routines expose compressed and coordinate layouts as",context-reviewed,Citation location and surrounding claim reviewed for topical fit; this ledger does not replace reading the cited source or independently validate this paper.
chou2018format,2026-09-29,sections/08-related.tex:15,"generated conversion routines expose compressed and coordinate layouts as first-class compilation choices~\cite{chou2018format,chou2020conversion}. Looplets generalize structured coiteration, while Finch combines sparse and",context-reviewed,Citation location and surrounding claim reviewed for topical fit; this ledger does not replace reading the cited source or independently validate this paper.
chou2020conversion,2026-09-29,sections/08-related.tex:15,"generated conversion routines expose compressed and coordinate layouts as first-class compilation choices~\cite{chou2018format,chou2020conversion}. Looplets generalize structured coiteration, while Finch combines sparse and",context-reviewed,Citation location and surrounding claim reviewed for topical fit; this ledger does not replace reading the cited source or independently validate this paper.
ahrens2023looplets,2026-09-29,sections/08-related.tex:17,"Looplets generalize structured coiteration, while Finch combines sparse and structured programming with control flow~\cite{ahrens2023looplets,ahrens2025finch}. SparseTIR, UniSparse, SySTeC, and the Sparse Abstract Machine explore composable",context-reviewed,Citation location and surrounding claim reviewed for topical fit; this ledger does not replace reading the cited source or independently validate this paper.
ahrens2025finch,2026-09-29,sections/08-related.tex:17,"Looplets generalize structured coiteration, while Finch combines sparse and structured programming with control flow~\cite{ahrens2023looplets,ahrens2025finch}. SparseTIR, UniSparse, SySTeC, and the Sparse Abstract Machine explore composable",context-reviewed,Citation location and surrounding claim reviewed for topical fit; this ledger does not replace reading the cited source or independently validate this paper.
ye2023sparsetir,2026-09-29,sections/08-related.tex:20,"sparse IRs, format customization, symmetry, and hardware-oriented dataflow semantics~\cite{ye2023sparsetir,liu2024unisparse,patel2024systec,hsu2023sam}.",context-reviewed,Citation location and surrounding claim reviewed for topical fit; this ledger does not replace reading the cited source or independently validate this paper.
feng2023tensorir,2026-09-29,sections/08-related.tex:32,"and data-centric representations \cite{feng2023tensorir,hagedorn2023graphene,tian2021comet,mutlu2022comet,vasilache2018tensor,baghdadi2019tiramisu,ragankelley2013halide,chen2018tvm,zheng2020ansor,bennun2019dace}. GraphIt specializes graph scheduling and MLIR supplies reusable multi-level",context-reviewed,Citation location and surrounding claim reviewed for topical fit; this ledger does not replace reading the cited source or independently validate this paper.
liu2024unisparse,2026-09-29,sections/08-related.tex:20,"sparse IRs, format customization, symmetry, and hardware-oriented dataflow semantics~\cite{ye2023sparsetir,liu2024unisparse,patel2024systec,hsu2023sam}.",context-reviewed,Citation location and surrounding claim reviewed for topical fit; this ledger does not replace reading the cited source or independently validate this paper.
patel2024systec,2026-09-29,sections/08-related.tex:20,"sparse IRs, format customization, symmetry, and hardware-oriented dataflow semantics~\cite{ye2023sparsetir,liu2024unisparse,patel2024systec,hsu2023sam}.",context-reviewed,Citation location and surrounding claim reviewed for topical fit; this ledger does not replace reading the cited source or independently validate this paper.
hsu2023sam,2026-09-29,sections/08-related.tex:20,"sparse IRs, format customization, symmetry, and hardware-oriented dataflow semantics~\cite{ye2023sparsetir,liu2024unisparse,patel2024systec,hsu2023sam}.",context-reviewed,Citation location and surrounding claim reviewed for topical fit; this ledger does not replace reading the cited source or independently validate this paper.
hagedorn2023graphene,2026-09-29,sections/08-related.tex:32,"and data-centric representations \cite{feng2023tensorir,hagedorn2023graphene,tian2021comet,mutlu2022comet,vasilache2018tensor,baghdadi2019tiramisu,ragankelley2013halide,chen2018tvm,zheng2020ansor,bennun2019dace}. GraphIt specializes graph scheduling and MLIR supplies reusable multi-level",context-reviewed,Citation location and surrounding claim reviewed for topical fit; this ledger does not replace reading the cited source or independently validate this paper.
tian2021comet,2026-09-29,sections/08-related.tex:32,"and data-centric representations \cite{feng2023tensorir,hagedorn2023graphene,tian2021comet,mutlu2022comet,vasilache2018tensor,baghdadi2019tiramisu,ragankelley2013halide,chen2018tvm,zheng2020ansor,bennun2019dace}. GraphIt specializes graph scheduling and MLIR supplies reusable multi-level",context-reviewed,Citation location and surrounding claim reviewed for topical fit; this ledger does not replace reading the cited source or independently validate this paper.
mutlu2022comet,2026-09-29,sections/08-related.tex:32,"and data-centric representations \cite{feng2023tensorir,hagedorn2023graphene,tian2021comet,mutlu2022comet,vasilache2018tensor,baghdadi2019tiramisu,ragankelley2013halide,chen2018tvm,zheng2020ansor,bennun2019dace}. GraphIt specializes graph scheduling and MLIR supplies reusable multi-level",context-reviewed,Citation location and surrounding claim reviewed for topical fit; this ledger does not replace reading the cited source or independently validate this paper.
vasilache2018tensor,2026-09-29,sections/08-related.tex:32,"and data-centric representations \cite{feng2023tensorir,hagedorn2023graphene,tian2021comet,mutlu2022comet,vasilache2018tensor,baghdadi2019tiramisu,ragankelley2013halide,chen2018tvm,zheng2020ansor,bennun2019dace}. GraphIt specializes graph scheduling and MLIR supplies reusable multi-level",context-reviewed,Citation location and surrounding claim reviewed for topical fit; this ledger does not replace reading the cited source or independently validate this paper.
baghdadi2019tiramisu,2026-09-29,sections/08-related.tex:32,"and data-centric representations \cite{feng2023tensorir,hagedorn2023graphene,tian2021comet,mutlu2022comet,vasilache2018tensor,baghdadi2019tiramisu,ragankelley2013halide,chen2018tvm,zheng2020ansor,bennun2019dace}. GraphIt specializes graph scheduling and MLIR supplies reusable multi-level",context-reviewed,Citation location and surrounding claim reviewed for topical fit; this ledger does not replace reading the cited source or independently validate this paper.
ragankelley2013halide,2026-09-29,sections/08-related.tex:32,"and data-centric representations \cite{feng2023tensorir,hagedorn2023graphene,tian2021comet,mutlu2022comet,vasilache2018tensor,baghdadi2019tiramisu,ragankelley2013halide,chen2018tvm,zheng2020ansor,bennun2019dace}. GraphIt specializes graph scheduling and MLIR supplies reusable multi-level",context-reviewed,Citation location and surrounding claim reviewed for topical fit; this ledger does not replace reading the cited source or independently validate this paper.
chen2018tvm,2026-09-29,sections/08-related.tex:32,"and data-centric representations \cite{feng2023tensorir,hagedorn2023graphene,tian2021comet,mutlu2022comet,vasilache2018tensor,baghdadi2019tiramisu,ragankelley2013halide,chen2018tvm,zheng2020ansor,bennun2019dace}. GraphIt specializes graph scheduling and MLIR supplies reusable multi-level",context-reviewed,Citation location and surrounding claim reviewed for topical fit; this ledger does not replace reading the cited source or independently validate this paper.
zheng2020ansor,2026-09-29,sections/08-related.tex:32,"and data-centric representations \cite{feng2023tensorir,hagedorn2023graphene,tian2021comet,mutlu2022comet,vasilache2018tensor,baghdadi2019tiramisu,ragankelley2013halide,chen2018tvm,zheng2020ansor,bennun2019dace}. GraphIt specializes graph scheduling and MLIR supplies reusable multi-level",context-reviewed,Citation location and surrounding claim reviewed for topical fit; this ledger does not replace reading the cited source or independently validate this paper.
bennun2019dace,2026-09-29,sections/08-related.tex:32,"and data-centric representations \cite{feng2023tensorir,hagedorn2023graphene,tian2021comet,mutlu2022comet,vasilache2018tensor,baghdadi2019tiramisu,ragankelley2013halide,chen2018tvm,zheng2020ansor,bennun2019dace}. GraphIt specializes graph scheduling and MLIR supplies reusable multi-level",context-reviewed,Citation location and surrounding claim reviewed for topical fit; this ledger does not replace reading the cited source or independently validate this paper.
zhang2018graphit,2026-09-29,sections/08-related.tex:34,"GraphIt specializes graph scheduling and MLIR supplies reusable multi-level infrastructure~\cite{zhang2018graphit,lattner2021mlir}. Because our finite-read language omits schedule cost, parallel execution, and variable-length reductions,",context-reviewed,Citation location and surrounding claim reviewed for topical fit; this ledger does not replace reading the cited source or independently validate this paper.
lattner2021mlir,2026-09-29,sections/08-related.tex:34,"GraphIt specializes graph scheduling and MLIR supplies reusable multi-level infrastructure~\cite{zhang2018graphit,lattner2021mlir}. Because our finite-read language omits schedule cost, parallel execution, and variable-length reductions,",context-reviewed,Citation location and surrounding claim reviewed for topical fit; this ledger does not replace reading the cited source or independently validate this paper.
jia2019taso,2026-09-29,sections/08-related.tex:40,"\texttt{egg} support graph rewriting or equality saturation \cite{jia2019taso,yang2021tensat,willsey2021egg}; Mirage spans algebraic, schedule, and custom-kernel levels, while EqiForge unifies high-level and tiled",context-reviewed,Citation location and surrounding claim reviewed for topical fit; this ledger does not replace reading the cited source or independently validate this paper.
yang2021tensat,2026-09-29,sections/08-related.tex:40,"\texttt{egg} support graph rewriting or equality saturation \cite{jia2019taso,yang2021tensat,willsey2021egg}; Mirage spans algebraic, schedule, and custom-kernel levels, while EqiForge unifies high-level and tiled",context-reviewed,Citation location and surrounding claim reviewed for topical fit; this ledger does not replace reading the cited source or independently validate this paper.
willsey2021egg,2026-09-29,sections/08-related.tex:40,"\texttt{egg} support graph rewriting or equality saturation \cite{jia2019taso,yang2021tensat,willsey2021egg}; Mirage spans algebraic, schedule, and custom-kernel levels, while EqiForge unifies high-level and tiled",context-reviewed,Citation location and surrounding claim reviewed for topical fit; this ledger does not replace reading the cited source or independently validate this paper.
adams2019halide,2026-09-29,sections/08-related.tex:43,"expressions~\cite{wu2025mirage,zhan2026eqiforge}. Halide autoscheduling combines search with generated programs~\cite{adams2019halide}. Those systems seek profitable equivalents; our grader classifies which declared observations remain",context-reviewed,Citation location and surrounding claim reviewed for topical fit; this ledger does not replace reading the cited source or independently validate this paper.
pnueli1998translation,2026-09-29,sections/01-introduction.tex:33; sections/08-related.tex:49,"validation checks a concrete source/target pair rather than verifying every run of an optimizer~\cite{pnueli1998translation,necula2000translation}. Tensor-specific systems have applied SMT reasoning, verified scheduling, lifting, graph-rewrite || Translation validation was proposed as checking each compilation result instead of verifying an optimizer once~\cite{pnueli1998translation,necula2000translation}. CompCert represents the complementary verified-compiler direction",context-reviewed,Citation location and surrounding claim reviewed for topical fit; this ledger does not replace reading the cited source or independently validate this paper.
necula2000translation,2026-09-29,sections/01-introduction.tex:33; sections/08-related.tex:49,"validation checks a concrete source/target pair rather than verifying every run of an optimizer~\cite{pnueli1998translation,necula2000translation}. Tensor-specific systems have applied SMT reasoning, verified scheduling, lifting, graph-rewrite || Translation validation was proposed as checking each compilation result instead of verifying an optimizer once~\cite{pnueli1998translation,necula2000translation}. CompCert represents the complementary verified-compiler direction",context-reviewed,Citation location and surrounding claim reviewed for topical fit; this ledger does not replace reading the cited source or independently validate this paper.
leroy2009compcert,2026-09-29,sections/08-related.tex:51,CompCert represents the complementary verified-compiler direction \cite{leroy2009compcert}; Vellvm formalizes LLVM semantics for verified transformations~\cite{zhao2012vellvm}. Alive and Alive2 make local LLVM rewrite,context-reviewed,Citation location and surrounding claim reviewed for topical fit; this ledger does not replace reading the cited source or independently validate this paper.
zhao2012vellvm,2026-09-29,sections/08-related.tex:52,"\cite{leroy2009compcert}; Vellvm formalizes LLVM semantics for verified transformations~\cite{zhao2012vellvm}. Alive and Alive2 make local LLVM rewrite checking practical, with later work encoding memory behavior for bounded",context-reviewed,Citation location and surrounding claim reviewed for topical fit; this ledger does not replace reading the cited source or independently validate this paper.
lopes2015alive,2026-09-29,sections/08-related.tex:54,"checking practical, with later work encoding memory behavior for bounded translation validation~\cite{lopes2015alive,lopes2021alive2,lee2021memory}. Verified polyhedral code generation addresses affine loop transformation, and",context-reviewed,Citation location and surrounding claim reviewed for topical fit; this ledger does not replace reading the cited source or independently validate this paper.
lopes2021alive2,2026-09-29,sections/08-related.tex:54,"checking practical, with later work encoding memory behavior for bounded translation validation~\cite{lopes2015alive,lopes2021alive2,lee2021memory}. Verified polyhedral code generation addresses affine loop transformation, and",context-reviewed,Citation location and surrounding claim reviewed for topical fit; this ledger does not replace reading the cited source or independently validate this paper.
lee2021memory,2026-09-29,sections/08-related.tex:54,"checking practical, with later work encoding memory behavior for bounded translation validation~\cite{lopes2015alive,lopes2021alive2,lee2021memory}. Verified polyhedral code generation addresses affine loop transformation, and",context-reviewed,Citation location and surrounding claim reviewed for topical fit; this ledger does not replace reading the cited source or independently validate this paper.
courant2021polyhedral,2026-09-29,sections/08-related.tex:57,"proof-carrying code shifts checking toward supplied evidence \cite{courant2021polyhedral,necula1997pcc}.",context-reviewed,Citation location and surrounding claim reviewed for topical fit; this ledger does not replace reading the cited source or independently validate this paper.
necula1997pcc,2026-09-29,sections/08-related.tex:57,"proof-carrying code shifts checking toward supplied evidence \cite{courant2021polyhedral,necula1997pcc}.",context-reviewed,Citation location and surrounding claim reviewed for topical fit; this ledger does not replace reading the cited source or independently validate this paper.
cousot1977abstract,2026-09-29,sections/04-grading.tex:145; sections/08-related.tex:81,This is the standard Galois-connection pattern of an observational abstract interpretation~\cite{cousot1977abstract}. The reversal is important: a larger set of guarantees describes fewer executions. Neither this adjunction nor the existence || The finite lattice uses the standard perspective of abstract interpretation \cite{cousot1977abstract}. Presburger reasoning and the Omega test motivate the affine integer fragment~\cite{pugh1992omega}; Z3 supplies the implementation's SMT,context-reviewed,Citation location and surrounding claim reviewed for topical fit; this ledger does not replace reading the cited source or independently validate this paper.
demoura2008z3,2026-09-29,sections/07-evaluation.tex:13; sections/08-related.tex:83,"adapters are implemented in Python. Symbolic queries use an unmodified host Z3 shared library through its public C API and SMT-LIB interface~\cite{demoura2008z3}. The artifact does not bundle a solver binary. The replay path does not import the || affine integer fragment~\cite{pugh1992omega}; Z3 supplies the implementation's SMT backend~\cite{demoura2008z3}. Symbolic execution and KLEE exemplify path-oriented counterexample generation~\cite{king1976symbolic,cadar2008klee}; STOKE combines",context-reviewed,Citation location and surrounding claim reviewed for topical fit; this ledger does not replace reading the cited source or independently validate this paper.
king1976symbolic,2026-09-29,sections/08-related.tex:84,"backend~\cite{demoura2008z3}. Symbolic execution and KLEE exemplify path-oriented counterexample generation~\cite{king1976symbolic,cadar2008klee}; STOKE combines search and validation for superoptimization~\cite{schkufza2013stoke}. The paper's",context-reviewed,Citation location and surrounding claim reviewed for topical fit; this ledger does not replace reading the cited source or independently validate this paper.
cadar2008klee,2026-09-29,sections/08-related.tex:84,"backend~\cite{demoura2008z3}. Symbolic execution and KLEE exemplify path-oriented counterexample generation~\cite{king1976symbolic,cadar2008klee}; STOKE combines search and validation for superoptimization~\cite{schkufza2013stoke}. The paper's",context-reviewed,Citation location and surrounding claim reviewed for topical fit; this ledger does not replace reading the cited source or independently validate this paper.
pugh1992omega,2026-09-29,sections/08-related.tex:82,\cite{cousot1977abstract}. Presburger reasoning and the Omega test motivate the affine integer fragment~\cite{pugh1992omega}; Z3 supplies the implementation's SMT backend~\cite{demoura2008z3}. Symbolic execution and KLEE exemplify path-oriented,context-reviewed,Citation location and surrounding claim reviewed for topical fit; this ledger does not replace reading the cited source or independently validate this paper.
schkufza2013stoke,2026-09-29,sections/08-related.tex:85,"counterexample generation~\cite{king1976symbolic,cadar2008klee}; STOKE combines search and validation for superoptimization~\cite{schkufza2013stoke}. The paper's small-support result is not a generic small-model theorem for SMT. It exploits the",context-reviewed,Citation location and surrounding claim reviewed for topical fit; this ledger does not replace reading the cited source or independently validate this paper.
yang2011csmith,2026-09-29,sections/08-related.tex:95,"and YARPGen targets C and C++ expression behavior \cite{yang2011csmith,le2014emi,le2015athena,livinskii2020yarpgen}. Differential testing predates these systems~\cite{mckeeman1998differential}, while",context-reviewed,Citation location and surrounding claim reviewed for topical fit; this ledger does not replace reading the cited source or independently validate this paper.
le2014emi,2026-09-29,sections/08-related.tex:95,"and YARPGen targets C and C++ expression behavior \cite{yang2011csmith,le2014emi,le2015athena,livinskii2020yarpgen}. Differential testing predates these systems~\cite{mckeeman1998differential}, while",context-reviewed,Citation location and surrounding claim reviewed for topical fit; this ledger does not replace reading the cited source or independently validate this paper.
le2015athena,2026-09-29,sections/08-related.tex:95,"and YARPGen targets C and C++ expression behavior \cite{yang2011csmith,le2014emi,le2015athena,livinskii2020yarpgen}. Differential testing predates these systems~\cite{mckeeman1998differential}, while",context-reviewed,Citation location and surrounding claim reviewed for topical fit; this ledger does not replace reading the cited source or independently validate this paper.
livinskii2020yarpgen,2026-09-29,sections/08-related.tex:95,"and YARPGen targets C and C++ expression behavior \cite{yang2011csmith,le2014emi,le2015athena,livinskii2020yarpgen}. Differential testing predates these systems~\cite{mckeeman1998differential}, while",context-reviewed,Citation location and surrounding claim reviewed for topical fit; this ledger does not replace reading the cited source or independently validate this paper.
liu2023nnsmith,2026-09-29,sections/08-related.tex:115,"libraries; CRADLE compares backends; and MLIRSmith generates MLIR programs \cite{liu2023nnsmith,ma2023hirgen,wei2022freelunch,pham2019cradle,li2023mlirsmith}. DeepXplore, DeepTest, and DeepHunter pursue coverage or metamorphic signals for",context-reviewed,Citation location and surrounding claim reviewed for topical fit; this ledger does not replace reading the cited source or independently validate this paper.
ma2023hirgen,2026-09-29,sections/08-related.tex:115,"libraries; CRADLE compares backends; and MLIRSmith generates MLIR programs \cite{liu2023nnsmith,ma2023hirgen,wei2022freelunch,pham2019cradle,li2023mlirsmith}. DeepXplore, DeepTest, and DeepHunter pursue coverage or metamorphic signals for",context-reviewed,Citation location and surrounding claim reviewed for topical fit; this ledger does not replace reading the cited source or independently validate this paper.
wei2022freelunch,2026-09-29,sections/08-related.tex:115,"libraries; CRADLE compares backends; and MLIRSmith generates MLIR programs \cite{liu2023nnsmith,ma2023hirgen,wei2022freelunch,pham2019cradle,li2023mlirsmith}. DeepXplore, DeepTest, and DeepHunter pursue coverage or metamorphic signals for",context-reviewed,Citation location and surrounding claim reviewed for topical fit; this ledger does not replace reading the cited source or independently validate this paper.
pei2017deepxplore,2026-09-29,sections/08-related.tex:117,"DeepXplore, DeepTest, and DeepHunter pursue coverage or metamorphic signals for learned systems~\cite{pei2017deepxplore,tian2018deeptest,xie2019deephunter}. Empirical studies of TensorFlow and deep-learning compiler bugs document failure",context-reviewed,Citation location and surrounding claim reviewed for topical fit; this ledger does not replace reading the cited source or independently validate this paper.
tian2018deeptest,2026-09-29,sections/08-related.tex:117,"DeepXplore, DeepTest, and DeepHunter pursue coverage or metamorphic signals for learned systems~\cite{pei2017deepxplore,tian2018deeptest,xie2019deephunter}. Empirical studies of TensorFlow and deep-learning compiler bugs document failure",context-reviewed,Citation location and surrounding claim reviewed for topical fit; this ledger does not replace reading the cited source or independently validate this paper.
xie2019deephunter,2026-09-29,sections/08-related.tex:117,"DeepXplore, DeepTest, and DeepHunter pursue coverage or metamorphic signals for learned systems~\cite{pei2017deepxplore,tian2018deeptest,xie2019deephunter}. Empirical studies of TensorFlow and deep-learning compiler bugs document failure",context-reviewed,Citation location and surrounding claim reviewed for topical fit; this ledger does not replace reading the cited source or independently validate this paper.
pham2019cradle,2026-09-29,sections/08-related.tex:115,"libraries; CRADLE compares backends; and MLIRSmith generates MLIR programs \cite{liu2023nnsmith,ma2023hirgen,wei2022freelunch,pham2019cradle,li2023mlirsmith}. DeepXplore, DeepTest, and DeepHunter pursue coverage or metamorphic signals for",context-reviewed,Citation location and surrounding claim reviewed for topical fit; this ledger does not replace reading the cited source or independently validate this paper.
li2023mlirsmith,2026-09-29,sections/08-related.tex:115,"libraries; CRADLE compares backends; and MLIRSmith generates MLIR programs \cite{liu2023nnsmith,ma2023hirgen,wei2022freelunch,pham2019cradle,li2023mlirsmith}. DeepXplore, DeepTest, and DeepHunter pursue coverage or metamorphic signals for",context-reviewed,Citation location and surrounding claim reviewed for topical fit; this ledger does not replace reading the cited source or independently validate this paper.
chen2020survey,2026-09-29,sections/08-related.tex:104,"Compiler-testing surveys and comparisons emphasize oracle quality, generator validity, and complementary fault profiles~\cite{chen2020survey,chen2016comparison,barr2015oracle}. Mutation analysis assesses whether tests distinguish seeded changes",context-reviewed,Citation location and surrounding claim reviewed for topical fit; this ledger does not replace reading the cited source or independently validate this paper.
chen2016comparison,2026-09-29,sections/08-related.tex:104,"Compiler-testing surveys and comparisons emphasize oracle quality, generator validity, and complementary fault profiles~\cite{chen2020survey,chen2016comparison,barr2015oracle}. Mutation analysis assesses whether tests distinguish seeded changes",context-reviewed,Citation location and surrounding claim reviewed for topical fit; this ledger does not replace reading the cited source or independently validate this paper.
mckeeman1998differential,2026-09-29,sections/08-related.tex:96,"\cite{yang2011csmith,le2014emi,le2015athena,livinskii2020yarpgen}. Differential testing predates these systems~\cite{mckeeman1998differential}, while QuickCheck and Alloy show how generated properties and bounded relational models",context-reviewed,Citation location and surrounding claim reviewed for topical fit; this ledger does not replace reading the cited source or independently validate this paper.
claessen2000quickcheck,2026-09-29,sections/08-related.tex:98,"QuickCheck and Alloy show how generated properties and bounded relational models can expose counterexamples~\cite{claessen2000quickcheck,jackson2002small}. Delta debugging reduces failure-inducing input, but after a failure is observed",context-reviewed,Citation location and surrounding claim reviewed for topical fit; this ledger does not replace reading the cited source or independently validate this paper.
jackson2002small,2026-09-29,sections/08-related.tex:98,"QuickCheck and Alloy show how generated properties and bounded relational models can expose counterexamples~\cite{claessen2000quickcheck,jackson2002small}. Delta debugging reduces failure-inducing input, but after a failure is observed",context-reviewed,Citation location and surrounding claim reviewed for topical fit; this ledger does not replace reading the cited source or independently validate this paper.
zeller2002simplifying,2026-09-29,sections/08-related.tex:100,"Delta debugging reduces failure-inducing input, but after a failure is observed \cite{zeller2002simplifying}. Our two-cell theorem instead gives a semantic bound for a specified observation failure before running a reducer.",context-reviewed,Citation location and surrounding claim reviewed for topical fit; this ledger does not replace reading the cited source or independently validate this paper.
barr2015oracle,2026-09-29,sections/08-related.tex:104,"Compiler-testing surveys and comparisons emphasize oracle quality, generator validity, and complementary fault profiles~\cite{chen2020survey,chen2016comparison,barr2015oracle}. Mutation analysis assesses whether tests distinguish seeded changes",context-reviewed,Citation location and surrounding claim reviewed for topical fit; this ledger does not replace reading the cited source or independently validate this paper.
segura2016metamorphic,2026-09-29,sections/08-related.tex:124,"Its general principles and feedback-directed variants are surveyed or developed by Segura et al. and Sun et al.~\cite{segura2016metamorphic,sun2023feedback}; MR-Scout mines relations from tests~\cite{xu2024mrscout}. Generation-based differential",context-reviewed,Citation location and surrounding claim reviewed for topical fit; this ledger does not replace reading the cited source or independently validate this paper.
jia2011mutation,2026-09-29,sections/08-related.tex:106,Mutation analysis assesses whether tests distinguish seeded changes \cite{jia2011mutation}. We use mutation only as a negative control for the source adapters; the 18 mutants are neither a benchmark of historical bugs nor an,context-reviewed,Citation location and surrounding claim reviewed for topical fit; this ledger does not replace reading the cited source or independently validate this paper.
sun2023feedback,2026-09-29,sections/08-related.tex:124,"Its general principles and feedback-directed variants are surveyed or developed by Segura et al. and Sun et al.~\cite{segura2016metamorphic,sun2023feedback}; MR-Scout mines relations from tests~\cite{xu2024mrscout}. Generation-based differential",context-reviewed,Citation location and surrounding claim reviewed for topical fit; this ledger does not replace reading the cited source or independently validate this paper.
xu2024mrscout,2026-09-29,sections/08-related.tex:125,"Segura et al. and Sun et al.~\cite{segura2016metamorphic,sun2023feedback}; MR-Scout mines relations from tests~\cite{xu2024mrscout}. Generation-based differential fuzzing, interpreter-program enumeration, and history-driven fuzzing seek broader",context-reviewed,Citation location and surrounding claim reviewed for topical fit; this ledger does not replace reading the cited source or independently validate this paper.
liu2024gandalf,2026-09-29,sections/08-related.tex:127,"fuzzing, interpreter-program enumeration, and history-driven fuzzing seek broader or more targeted input distributions~\cite{liu2024gandalf,xia2024enumerating,harzevili2025history}. Our adapter mutants can be viewed as checking one equality relation, but the",context-reviewed,Citation location and surrounding claim reviewed for topical fit; this ledger does not replace reading the cited source or independently validate this paper.
xia2024enumerating,2026-09-29,sections/08-related.tex:127,"fuzzing, interpreter-program enumeration, and history-driven fuzzing seek broader or more targeted input distributions~\cite{liu2024gandalf,xia2024enumerating,harzevili2025history}. Our adapter mutants can be viewed as checking one equality relation, but the",context-reviewed,Citation location and surrounding claim reviewed for topical fit; this ledger does not replace reading the cited source or independently validate this paper.
harzevili2025history,2026-09-29,sections/08-related.tex:127,"fuzzing, interpreter-program enumeration, and history-driven fuzzing seek broader or more targeted input distributions~\cite{liu2024gandalf,xia2024enumerating,harzevili2025history}. Our adapter mutants can be viewed as checking one equality relation, but the",context-reviewed,Citation location and surrounding claim reviewed for topical fit; this ledger does not replace reading the cited source or independently validate this paper.
wu2026attributes,2026-09-29,sections/08-related.tex:135,"configuration pairs support fault isolation \cite{wu2026attributes,lee2026feature,li2026multiconf}. Coverage-directed JVM differential testing and effect-driven compiler",context-reviewed,Citation location and surrounding claim reviewed for topical fit; this ledger does not replace reading the cited source or independently validate this paper.
lee2026feature,2026-09-29,sections/08-related.tex:135,"configuration pairs support fault isolation \cite{wu2026attributes,lee2026feature,li2026multiconf}. Coverage-directed JVM differential testing and effect-driven compiler",context-reviewed,Citation location and surrounding claim reviewed for topical fit; this ledger does not replace reading the cited source or independently validate this paper.
li2026multiconf,2026-09-29,sections/08-related.tex:135,"configuration pairs support fault isolation \cite{wu2026attributes,lee2026feature,li2026multiconf}. Coverage-directed JVM differential testing and effect-driven compiler",context-reviewed,Citation location and surrounding claim reviewed for topical fit; this ledger does not replace reading the cited source or independently validate this paper.
chen2016jvm,2026-09-29,sections/08-related.tex:138,"QuickChecking likewise show the value of structured feature selection \cite{chen2016jvm,midtgaard2017quickchecking}. Our evenly spaced enumeration-index schedule is a small deterministic input grid, not feature-sensitive stratification and not a",context-reviewed,Citation location and surrounding claim reviewed for topical fit; this ledger does not replace reading the cited source or independently validate this paper.
midtgaard2017quickchecking,2026-09-29,sections/08-related.tex:138,"QuickChecking likewise show the value of structured feature selection \cite{chen2016jvm,midtgaard2017quickchecking}. Our evenly spaced enumeration-index schedule is a small deterministic input grid, not feature-sensitive stratification and not a",context-reviewed,Citation location and surrounding claim reviewed for topical fit; this ledger does not replace reading the cited source or independently validate this paper.
zhang2018tensorflow,2026-09-29,sections/08-related.tex:120,"classes that a practical validator must eventually address \cite{zhang2018tensorflow,shen2021compilerbugs}.",context-reviewed,Citation location and surrounding claim reviewed for topical fit; this ledger does not replace reading the cited source or independently validate this paper.
shen2021compilerbugs,2026-09-29,sections/08-related.tex:120,"classes that a practical validator must eventually address \cite{zhang2018tensorflow,shen2021compilerbugs}.",context-reviewed,Citation location and surrounding claim reviewed for topical fit; this ledger does not replace reading the cited source or independently validate this paper.
wu2025mirage,2026-09-29,sections/08-related.tex:42,"schedule, and custom-kernel levels, while EqiForge unifies high-level and tiled expressions~\cite{wu2025mirage,zhan2026eqiforge}. Halide autoscheduling combines search with generated programs~\cite{adams2019halide}. Those systems seek",context-reviewed,Citation location and surrounding claim reviewed for topical fit; this ledger does not replace reading the cited source or independently validate this paper.
zhan2026eqiforge,2026-09-29,sections/08-related.tex:42,"schedule, and custom-kernel levels, while EqiForge unifies high-level and tiled expressions~\cite{wu2025mirage,zhan2026eqiforge}. Halide autoscheduling combines search with generated programs~\cite{adams2019halide}. Those systems seek",context-reviewed,Citation location and surrounding claim reviewed for topical fit; this ledger does not replace reading the cited source or independently validate this paper.
