key,entry_type,year,title,authors,author_count,container_title,volume,number,pages,article_number,publisher,identifier_kind,identifier,record_url,verification_basis,checked_on,status
yan2026tensorbench,misc,2026,{TensorBench}: Benchmarking Coding Agents on a Compiler-Based Tensor Framework,Bobby Yan and Fredrik Kjolstad,2,arXiv:2606.05570,,,,,,doi,10.48550/arXiv.2606.05570,https://doi.org/10.48550/arXiv.2606.05570,Primary DOI or official proceedings/USENIX/DBLP record reconciled with delivered BibTeX metadata,2026-09-29,verified-metadata
bang2022validation,inproceedings,2022,{SMT}-Based Translation Validation for Machine Learning Compiler,Seongwon Bang and Seunghyeon Nam and Inwhan Chun and Ho Young Jhoo and Juneyoung Lee,5,Computer Aided Verification,13372,,386--407,,Springer International Publishing,doi,10.1007/978-3-031-13188-2_19,https://doi.org/10.1007/978-3-031-13188-2_19,Primary DOI or official proceedings/USENIX/DBLP record reconciled with delivered BibTeX metadata,2026-09-29,verified-metadata
liu2022scheduling,article,2022,Verified Tensor-Program Optimization Via High-Level Scheduling Rewrites,Amanda Liu and Gilbert Louis Bernstein and Adam Chlipala and Jonathan Ragan-Kelley,4,Proceedings of the ACM on Programming Languages,6,POPL,,55,,doi,10.1145/3498717,https://doi.org/10.1145/3498717,Primary DOI or official proceedings/USENIX/DBLP record reconciled with delivered BibTeX metadata,2026-09-29,verified-metadata
wu2026prism,misc,2026,{Prism}: Symbolic Superoptimization of Tensor Programs,Mengdi Wu and Xiaoyu Jiang and Oded Padon and Zhihao Jia,4,arXiv:2604.15272,,,,,,doi,10.48550/arXiv.2604.15272,https://doi.org/10.48550/arXiv.2604.15272,Primary DOI or official proceedings/USENIX/DBLP record reconciled with delivered BibTeX metadata,2026-09-29,verified-metadata
qiu2024tenspiler,inproceedings,2024,{Tenspiler}: A Verified-Lifting-Based Compiler for Tensor Operations,Jie Qiu and Colin Cai and Sahil Bhatia and Niranjan Hasabnis and Sanjit A. Seshia and Alvin Cheung,6,38th European Conference on Object-Oriented Programming,313,,32:1--32:28,,Schloss Dagstuhl--Leibniz-Zentrum fuer Informatik,doi,10.4230/LIPIcs.ECOOP.2024.32,https://doi.org/10.4230/LIPIcs.ECOOP.2024.32,Primary DOI or official proceedings/USENIX/DBLP record reconciled with delivered BibTeX metadata,2026-09-29,verified-metadata
arora2025tensorright,article,2025,{TensorRight}: Automated Verification of Tensor Graph Rewrites,Jai Arora and Sirui Lu and Devansh Jain and Tianfan Xu and Farzin Houshmand and Phitchaya Mangpo Phothilimthana and Mohsen Lesani and Praveen Narayanan and Karthik Srinivasa Murthy and Rastislav Bodik and Amit Sabne and Charith Mendis,12,Proceedings of the ACM on Programming Languages,9,POPL,832--863,29,,doi,10.1145/3704865,https://doi.org/10.1145/3704865,Primary DOI or official proceedings/USENIX/DBLP record reconciled with delivered BibTeX metadata,2026-09-29,verified-metadata
kjolstad2017taco,article,2017,The Tensor Algebra Compiler,Fredrik Kjolstad and Shoaib Kamil and Stephen Chou and David Lugato and Saman Amarasinghe,5,Proceedings of the ACM on Programming Languages,1,OOPSLA,,77,,doi,10.1145/3133901,https://doi.org/10.1145/3133901,Primary DOI or official proceedings/USENIX/DBLP record reconciled with delivered BibTeX metadata,2026-09-29,verified-metadata
kjolstad2017tool,inproceedings,2017,{taco}: A Tool to Generate Tensor Algebra Kernels,Fredrik Kjolstad and Stephen Chou and David Lugato and Shoaib Kamil and Saman Amarasinghe,5,Proceedings of the 32nd IEEE/ACM International Conference on Automated Software Engineering,,,943--948,,IEEE Computer Society,doi,10.1109/ASE.2017.8115709,https://doi.org/10.1109/ASE.2017.8115709,Primary DOI or official proceedings/USENIX/DBLP record reconciled with delivered BibTeX metadata,2026-09-29,verified-metadata
kjolstad2019workspaces,inproceedings,2019,Tensor Algebra Compilation with Workspaces,Fredrik Kjolstad and Willow Ahrens and Shoaib Kamil and Saman Amarasinghe,4,Proceedings of the 2019 IEEE/ACM International Symposium on Code Generation and Optimization,,,180--192,,IEEE Computer Society,doi,10.1109/CGO.2019.8661185,https://doi.org/10.1109/CGO.2019.8661185,Primary DOI or official proceedings/USENIX/DBLP record reconciled with delivered BibTeX metadata,2026-09-29,verified-metadata
chou2018format,article,2018,Format Abstraction for Sparse Tensor Algebra Compilers,Stephen Chou and Fredrik Kjolstad and Saman Amarasinghe,3,Proceedings of the ACM on Programming Languages,2,OOPSLA,,123,,doi,10.1145/3276493,https://doi.org/10.1145/3276493,Primary DOI or official proceedings/USENIX/DBLP record reconciled with delivered BibTeX metadata,2026-09-29,verified-metadata
chou2020conversion,inproceedings,2020,Automatic Generation of Efficient Sparse Tensor Format Conversion Routines,Stephen Chou and Fredrik Kjolstad and Saman Amarasinghe,3,Proceedings of the 41st ACM SIGPLAN Conference on Programming Language Design and Implementation,,,823--838,,Association for Computing Machinery,doi,10.1145/3385412.3385963,https://doi.org/10.1145/3385412.3385963,Primary DOI or official proceedings/USENIX/DBLP record reconciled with delivered BibTeX metadata,2026-09-29,verified-metadata
ahrens2023looplets,inproceedings,2023,Looplets: A Language for Structured Coiteration,Willow Ahrens and Daniel Donenfeld and Fredrik Kjolstad and Saman Amarasinghe,4,Proceedings of the 21st ACM/IEEE International Symposium on Code Generation and Optimization,,,41--54,,Association for Computing Machinery,doi,10.1145/3579990.3580020,https://doi.org/10.1145/3579990.3580020,Primary DOI or official proceedings/USENIX/DBLP record reconciled with delivered BibTeX metadata,2026-09-29,verified-metadata
ahrens2025finch,article,2025,Finch: Sparse and Structured Tensor Programming with Control Flow,Willow Ahrens and Teodoro Fields Collin and Radha Patel and Kyle Deeds and Changwan Hong and Saman Amarasinghe,6,Proceedings of the ACM on Programming Languages,9,OOPSLA1,1042--1072,117,,doi,10.1145/3720473,https://doi.org/10.1145/3720473,Primary DOI or official proceedings/USENIX/DBLP record reconciled with delivered BibTeX metadata,2026-09-29,verified-metadata
ye2023sparsetir,inproceedings,2023,{SparseTIR}: Composable Abstractions for Sparse Compilation in Deep Learning,Zihao Ye and Ruihang Lai and Junru Shao and Tianqi Chen and Luis Ceze,5,Proceedings of the 28th ACM International Conference on Architectural Support for Programming Languages and Operating Systems,,,660--678,,Association for Computing Machinery,doi,10.1145/3582016.3582047,https://doi.org/10.1145/3582016.3582047,Primary DOI or official proceedings/USENIX/DBLP record reconciled with delivered BibTeX metadata,2026-09-29,verified-metadata
feng2023tensorir,inproceedings,2023,{TensorIR}: An Abstraction for Automatic Tensorized Program Optimization,Siyuan Feng and Bohan Hou and Hongyi Jin and Wuwei Lin and Junru Shao and Ruihang Lai and Zihao Ye and Lianmin Zheng and Cody Hao Yu and Yong Yu and Tianqi Chen,11,Proceedings of the 28th ACM International Conference on Architectural Support for Programming Languages and Operating Systems,,,804--817,,Association for Computing Machinery,doi,10.1145/3575693.3576933,https://doi.org/10.1145/3575693.3576933,Primary DOI or official proceedings/USENIX/DBLP record reconciled with delivered BibTeX metadata,2026-09-29,verified-metadata
liu2024unisparse,article,2024,{UniSparse}: An Intermediate Language for General Sparse Format Customization,Jie Liu and Zhongyuan Zhao and Zijian Ding and Benjamin Brock and Hongbo Rong and Zhiru Zhang,6,Proceedings of the ACM on Programming Languages,8,OOPSLA1,137--165,99,,doi,10.1145/3649816,https://doi.org/10.1145/3649816,Primary DOI or official proceedings/USENIX/DBLP record reconciled with delivered BibTeX metadata,2026-09-29,verified-metadata
patel2024systec,inproceedings,2025,{SySTeC}: A Symmetric Sparse Tensor Compiler,Radha Patel and Willow Ahrens and Saman Amarasinghe,3,Proceedings of the 23rd ACM/IEEE International Symposium on Code Generation and Optimization,,,47--62,,Association for Computing Machinery,doi,10.1145/3696443.3708919,https://doi.org/10.1145/3696443.3708919,Primary DOI or official proceedings/USENIX/DBLP record reconciled with delivered BibTeX metadata,2026-09-29,verified-metadata
hsu2023sam,inproceedings,2023,The Sparse Abstract Machine,Olivia Hsu and Maxwell Strange and Ritvik Sharma and Jaeyeon Won and Kunle Olukotun and Joel S. Emer and Mark A. Horowitz and Fredrik Kjolstad,8,Proceedings of the 28th ACM International Conference on Architectural Support for Programming Languages and Operating Systems,,,710--726,,Association for Computing Machinery,doi,10.1145/3582016.3582051,https://doi.org/10.1145/3582016.3582051,Primary DOI or official proceedings/USENIX/DBLP record reconciled with delivered BibTeX metadata,2026-09-29,verified-metadata
hagedorn2023graphene,inproceedings,2023,Graphene: An {IR} for Optimized Tensor Computations on {GPUs},Bastian Hagedorn and Bin Fan and Hanfeng Chen and Cris Cecka and Michael Garland and Vinod Grover,6,Proceedings of the 28th ACM International Conference on Architectural Support for Programming Languages and Operating Systems,,,302--313,,Association for Computing Machinery,doi,10.1145/3582016.3582018,https://doi.org/10.1145/3582016.3582018,Primary DOI or official proceedings/USENIX/DBLP record reconciled with delivered BibTeX metadata,2026-09-29,verified-metadata
tian2021comet,inproceedings,2021,A High Performance Sparse Tensor Algebra Compiler in {MLIR},Ruiqin Tian and Luanzheng Guo and Jiajia Li and Bin Ren and Gokcen Kestor,5,IEEE/ACM Workshop on the LLVM Compiler Infrastructure in HPC,,,27--38,,IEEE Computer Society,doi,10.1109/LLVMHPC54804.2021.00009,https://doi.org/10.1109/LLVMHPC54804.2021.00009,Primary DOI or official proceedings/USENIX/DBLP record reconciled with delivered BibTeX metadata,2026-09-29,verified-metadata
mutlu2022comet,inproceedings,2022,{COMET}: A Domain-Specific Compilation of High-Performance Computational Chemistry,Erdal Mutlu and Ruiqin Tian and Bin Ren and Sriram Krishnamoorthy and Roberto Gioiosa and Jacques Pienaar and Gokcen Kestor,7,Languages and Compilers for Parallel Computing,13149,,87--103,,Springer International Publishing,doi,10.1007/978-3-030-95953-1_7,https://doi.org/10.1007/978-3-030-95953-1_7,Primary DOI or official proceedings/USENIX/DBLP record reconciled with delivered BibTeX metadata,2026-09-29,verified-metadata
vasilache2018tensor,misc,2018,Tensor Comprehensions: Framework-Agnostic High-Performance Machine Learning Abstractions,Nicolas Vasilache and Oleksandr Zinenko and Theodoros Theodoridis and Priya Goyal and Zachary DeVito and William S. Moses and Sven Verdoolaege and Andrew Adams and Albert Cohen,9,arXiv:1802.04730,,,,,,doi,10.48550/arXiv.1802.04730,https://doi.org/10.48550/arXiv.1802.04730,Primary DOI or official proceedings/USENIX/DBLP record reconciled with delivered BibTeX metadata,2026-09-29,verified-metadata
baghdadi2019tiramisu,inproceedings,2019,Tiramisu: A Polyhedral Compiler for Expressing Fast and Portable Code,Riyadh Baghdadi and Jessica Ray and Malek Ben Romdhane and Emanuele Del Sozzo and Abdurrahman Akkas and Yunming Zhang and Patricia Suriana and Shoaib Kamil and Saman Amarasinghe,9,Proceedings of the 2019 IEEE/ACM International Symposium on Code Generation and Optimization,,,193--205,,IEEE Computer Society,doi,10.1109/CGO.2019.8661197,https://doi.org/10.1109/CGO.2019.8661197,Primary DOI or official proceedings/USENIX/DBLP record reconciled with delivered BibTeX metadata,2026-09-29,verified-metadata
ragankelley2013halide,article,2013,"Halide: A Language and Compiler for Optimizing Parallelism, Locality, and Recomputation in Image Processing Pipelines",Jonathan Ragan-Kelley and Connelly Barnes and Andrew Adams and Sylvain Paris and Fr{\'e}do Durand and Saman Amarasinghe,6,ACM SIGPLAN Notices,48,6,519--530,,,doi,10.1145/2499370.2462176,https://doi.org/10.1145/2499370.2462176,Primary DOI or official proceedings/USENIX/DBLP record reconciled with delivered BibTeX metadata,2026-09-29,verified-metadata
chen2018tvm,inproceedings,2018,{TVM}: An Automated End-to-End Optimizing Compiler for Deep Learning,Tianqi Chen and Thierry Moreau and Ziheng Jiang and Lianmin Zheng and Eddie Yan and Meghan Cowan and Haichen Shen and Leyuan Wang and Yuwei Hu and Luis Ceze and Carlos Guestrin and Arvind Krishnamurthy,12,13th USENIX Symposium on Operating Systems Design and Implementation,,,578--594,,USENIX Association,stable-url,https://www.usenix.org/conference/osdi18/presentation/chen,https://www.usenix.org/conference/osdi18/presentation/chen,Primary DOI or official proceedings/USENIX/DBLP record reconciled with delivered BibTeX metadata,2026-09-29,verified-metadata
zheng2020ansor,inproceedings,2020,Ansor: Generating High-Performance Tensor Programs for Deep Learning,Lianmin Zheng and Chengfan Jia and Minmin Sun and Zhao Wu and Cody Hao Yu and Ameer Haj-Ali and Yida Wang and Jun Yang and Danyang Zhuo and Koushik Sen and Joseph E. Gonzalez and Ion Stoica,12,14th USENIX Symposium on Operating Systems Design and Implementation,,,863--879,,USENIX Association,stable-url,https://www.usenix.org/conference/osdi20/presentation/zheng,https://www.usenix.org/conference/osdi20/presentation/zheng,Primary DOI or official proceedings/USENIX/DBLP record reconciled with delivered BibTeX metadata,2026-09-29,verified-metadata
bennun2019dace,inproceedings,2019,Stateful Dataflow Multigraphs: A Data-Centric Model for Performance Portability on Heterogeneous Architectures,Tal Ben-Nun and Johannes de Fine Licht and Alexandros N. Ziogas and Timo Schneider and Torsten Hoefler,5,"Proceedings of the International Conference for High Performance Computing, Networking, Storage and Analysis",,,81:1--81:14,81,Association for Computing Machinery,doi,10.1145/3295500.3356173,https://doi.org/10.1145/3295500.3356173,Primary DOI or official proceedings/USENIX/DBLP record reconciled with delivered BibTeX metadata,2026-09-29,verified-metadata
zhang2018graphit,article,2018,GraphIt: A High-Performance Graph {DSL},Yunming Zhang and Vladimir Kiriansky and Charith Mendis and Saman Amarasinghe and Matei Zaharia,5,Proceedings of the ACM on Programming Languages,2,OOPSLA,,121,,doi,10.1145/3276491,https://doi.org/10.1145/3276491,Primary DOI or official proceedings/USENIX/DBLP record reconciled with delivered BibTeX metadata,2026-09-29,verified-metadata
lattner2021mlir,inproceedings,2021,{MLIR}: Scaling Compiler Infrastructure for Domain Specific Computation,Chris Lattner and Mehdi Amini and Uday Bondhugula and Albert Cohen and Andy Davis and Jacques Pienaar and River Riddle and Tatiana Shpeisman and Nicolas Vasilache and Oleksandr Zinenko,10,IEEE/ACM International Symposium on Code Generation and Optimization,,,2--14,,IEEE Computer Society,doi,10.1109/CGO51591.2021.9370308,https://doi.org/10.1109/CGO51591.2021.9370308,Primary DOI or official proceedings/USENIX/DBLP record reconciled with delivered BibTeX metadata,2026-09-29,verified-metadata
jia2019taso,inproceedings,2019,{TASO}: Optimizing Deep Learning Computation with Automatic Generation of Graph Substitutions,Zhihao Jia and Oded Padon and James Thomas and Todd Warszawski and Matei Zaharia and Alex Aiken,6,Proceedings of the 27th ACM Symposium on Operating Systems Principles,,,47--62,,Association for Computing Machinery,doi,10.1145/3341301.3359630,https://doi.org/10.1145/3341301.3359630,Primary DOI or official proceedings/USENIX/DBLP record reconciled with delivered BibTeX metadata,2026-09-29,verified-metadata
yang2021tensat,inproceedings,2021,Equality Saturation for Tensor Graph Superoptimization,Yichen Yang and Phitchaya Mangpo Phothilimthana and Yisu Remy Wang and Max Willsey and Sudip Roy and Jacques Pienaar,6,Proceedings of Machine Learning and Systems,3,,,,MLSys,stable-url,https://proceedings.mlsys.org/paper_files/paper/2021/hash/cc427d934a7f6c0663e5923f49eba531-Abstract.html,https://proceedings.mlsys.org/paper_files/paper/2021/hash/cc427d934a7f6c0663e5923f49eba531-Abstract.html,Primary DOI or official proceedings/USENIX/DBLP record reconciled with delivered BibTeX metadata,2026-09-29,verified-metadata
willsey2021egg,article,2021,egg: Fast and Extensible Equality Saturation,Max Willsey and Chandrakana Nandi and Yisu Remy Wang and Oliver Flatt and Zachary Tatlock and Pavel Panchekha,6,Proceedings of the ACM on Programming Languages,5,POPL,,23,,doi,10.1145/3434304,https://doi.org/10.1145/3434304,Primary DOI or official proceedings/USENIX/DBLP record reconciled with delivered BibTeX metadata,2026-09-29,verified-metadata
adams2019halide,article,2019,Learning to Optimize Halide with Tree Search and Random Programs,"Andrew Adams and Karima Ma and Luke Anderson and Riyadh Baghdadi and Tzu-Mao Li and Micha{\""e}l Gharbi and Benoit Steiner and Steven Johnson and Kayvon Fatahalian and Fr{\'e}do Durand and Jonathan Ragan-Kelley",11,ACM Transactions on Graphics,38,4,121:1--121:12,121,,doi,10.1145/3306346.3322967,https://doi.org/10.1145/3306346.3322967,Primary DOI or official proceedings/USENIX/DBLP record reconciled with delivered BibTeX metadata,2026-09-29,verified-metadata
pnueli1998translation,inproceedings,1998,Translation Validation,Amir Pnueli and Michael Siegel and Eli Singerman,3,Tools and Algorithms for the Construction and Analysis of Systems,1384,,151--166,,Springer,doi,10.1007/BFb0054170,https://doi.org/10.1007/BFb0054170,Springer publisher citation record; Berlin Heidelberg publisher metadata,2026-10-08,verified-metadata
necula2000translation,inproceedings,2000,Translation Validation for an Optimizing Compiler,George C. Necula,1,Proceedings of the ACM SIGPLAN Conference on Programming Language Design and Implementation,,,83--94,,Association for Computing Machinery,doi,10.1145/349299.349314,https://doi.org/10.1145/349299.349314,Primary DOI or official proceedings/USENIX/DBLP record reconciled with delivered BibTeX metadata,2026-09-29,verified-metadata
leroy2009compcert,article,2009,Formal Verification of a Realistic Compiler,Xavier Leroy,1,Communications of the ACM,52,7,107--115,,,doi,10.1145/1538788.1538814,https://doi.org/10.1145/1538788.1538814,Primary DOI or official proceedings/USENIX/DBLP record reconciled with delivered BibTeX metadata,2026-09-29,verified-metadata
zhao2012vellvm,inproceedings,2012,Formalizing the {LLVM} Intermediate Representation for Verified Program Transformations,Jianzhou Zhao and Santosh Nagarakatte and Milo M. K. Martin and Steve Zdancewic,4,Proceedings of the 39th Annual ACM SIGPLAN-SIGACT Symposium on Principles of Programming Languages,,,427--440,,Association for Computing Machinery,doi,10.1145/2103656.2103709,https://doi.org/10.1145/2103656.2103709,Primary DOI or official proceedings/USENIX/DBLP record reconciled with delivered BibTeX metadata,2026-09-29,verified-metadata
lopes2015alive,inproceedings,2015,Provably Correct Peephole Optimizations with Alive,Nuno P. Lopes and David Menendez and Santosh Nagarakatte and John Regehr,4,Proceedings of the 36th ACM SIGPLAN Conference on Programming Language Design and Implementation,,,22--32,,Association for Computing Machinery,doi,10.1145/2737924.2737965,https://doi.org/10.1145/2737924.2737965,Primary DOI or official proceedings/USENIX/DBLP record reconciled with delivered BibTeX metadata,2026-09-29,verified-metadata
lopes2021alive2,inproceedings,2021,{Alive2}: Bounded Translation Validation for {LLVM},Nuno P. Lopes and Juneyoung Lee and Chung-Kil Hur and Zhengyang Liu and John Regehr,5,Proceedings of the 42nd ACM SIGPLAN International Conference on Programming Language Design and Implementation,,,65--79,,Association for Computing Machinery,doi,10.1145/3453483.3454030,https://doi.org/10.1145/3453483.3454030,Primary DOI or official proceedings/USENIX/DBLP record reconciled with delivered BibTeX metadata,2026-09-29,verified-metadata
lee2021memory,inproceedings,2021,An {SMT} Encoding of {LLVM}'s Memory Model for Bounded Translation Validation,Juneyoung Lee and Dongjoo Kim and Chung-Kil Hur and Nuno P. Lopes,4,Computer Aided Verification,12760,,752--776,,Springer International Publishing,doi,10.1007/978-3-030-81688-9_35,https://doi.org/10.1007/978-3-030-81688-9_35,Primary DOI or official proceedings/USENIX/DBLP record reconciled with delivered BibTeX metadata,2026-09-29,verified-metadata
courant2021polyhedral,article,2021,Verified Code Generation for the Polyhedral Model,"Nathana{\""e}l Courant and Xavier Leroy",2,Proceedings of the ACM on Programming Languages,5,POPL,,40,,doi,10.1145/3434321,https://doi.org/10.1145/3434321,Primary DOI or official proceedings/USENIX/DBLP record reconciled with delivered BibTeX metadata,2026-09-29,verified-metadata
necula1997pcc,inproceedings,1997,Proof-Carrying Code,George C. Necula,1,Proceedings of the 24th ACM SIGPLAN-SIGACT Symposium on Principles of Programming Languages,,,106--119,,Association for Computing Machinery,doi,10.1145/263699.263712,https://doi.org/10.1145/263699.263712,Primary DOI or official proceedings/USENIX/DBLP record reconciled with delivered BibTeX metadata,2026-09-29,verified-metadata
cousot1977abstract,inproceedings,1977,Abstract Interpretation: A Unified Lattice Model for Static Analysis of Programs by Construction or Approximation of Fixpoints,Patrick Cousot and Radhia Cousot,2,Proceedings of the 4th ACM SIGACT-SIGPLAN Symposium on Principles of Programming Languages,,,238--252,,Association for Computing Machinery,doi,10.1145/512950.512973,https://doi.org/10.1145/512950.512973,Primary DOI or official proceedings/USENIX/DBLP record reconciled with delivered BibTeX metadata,2026-09-29,verified-metadata
demoura2008z3,inproceedings,2008,{Z3}: An Efficient {SMT} Solver,Leonardo de Moura and Nikolaj Bj{\o}rner,2,Tools and Algorithms for the Construction and Analysis of Systems,,,337--340,,Springer International Publishing,doi,10.1007/978-3-540-78800-3_24,https://doi.org/10.1007/978-3-540-78800-3_24,Primary DOI or official proceedings/USENIX/DBLP record reconciled with delivered BibTeX metadata,2026-09-29,verified-metadata
king1976symbolic,article,1976,Symbolic Execution and Program Testing,James C. King,1,Communications of the ACM,19,7,385--394,,,doi,10.1145/360248.360252,https://doi.org/10.1145/360248.360252,Primary DOI or official proceedings/USENIX/DBLP record reconciled with delivered BibTeX metadata,2026-09-29,verified-metadata
cadar2008klee,inproceedings,2008,{KLEE}: Unassisted and Automatic Generation of High-Coverage Tests for Complex Systems Programs,Cristian Cadar and Daniel Dunbar and Dawson Engler,3,8th USENIX Symposium on Operating Systems Design and Implementation,,,209--224,,USENIX Association,stable-url,https://www.usenix.org/legacy/event/osdi08/tech/full_papers/cadar/cadar.pdf,https://www.usenix.org/legacy/event/osdi08/tech/full_papers/cadar/cadar.pdf,Primary DOI or official proceedings/USENIX/DBLP record reconciled with delivered BibTeX metadata,2026-09-29,verified-metadata
pugh1992omega,article,1992,The Omega Test: A Fast and Practical Integer Programming Algorithm for Dependence Analysis,William Pugh,1,Communications of the ACM,35,8,102--114,,,doi,10.1145/135226.135243,https://doi.org/10.1145/135226.135243,Primary DOI or official proceedings/USENIX/DBLP record reconciled with delivered BibTeX metadata,2026-09-29,verified-metadata
schkufza2013stoke,inproceedings,2013,Stochastic Superoptimization,Eric Schkufza and Rahul Sharma and Alex Aiken,3,Proceedings of the 18th International Conference on Architectural Support for Programming Languages and Operating Systems,,,305--316,,Association for Computing Machinery,doi,10.1145/2451116.2451150,https://doi.org/10.1145/2451116.2451150,Primary DOI or official proceedings/USENIX/DBLP record reconciled with delivered BibTeX metadata,2026-09-29,verified-metadata
yang2011csmith,article,2011,Finding and Understanding Bugs in {C} Compilers,Xuejun Yang and Yang Chen and Eric Eide and John Regehr,4,ACM SIGPLAN Notices,46,6,283--294,,,doi,10.1145/1993498.1993532,https://doi.org/10.1145/1993498.1993532,Primary DOI or official proceedings/USENIX/DBLP record reconciled with delivered BibTeX metadata,2026-09-29,verified-metadata
le2014emi,inproceedings,2014,Compiler Validation via Equivalence Modulo Inputs,Vu Le and Mehrdad Afshari and Zhendong Su,3,Proceedings of the 35th ACM SIGPLAN Conference on Programming Language Design and Implementation,,,216--226,,Association for Computing Machinery,doi,10.1145/2666356.2594334,https://doi.org/10.1145/2666356.2594334,Primary DOI or official proceedings/USENIX/DBLP record reconciled with delivered BibTeX metadata,2026-09-29,verified-metadata
le2015athena,inproceedings,2015,Finding Deep Compiler Bugs via Guided Stochastic Program Mutation,Vu Le and Chengnian Sun and Zhendong Su,3,"Proceedings of the 2015 ACM SIGPLAN International Conference on Object-Oriented Programming, Systems, Languages, and Applications",,,386--399,,Association for Computing Machinery,doi,10.1145/2814270.2814319,https://doi.org/10.1145/2814270.2814319,Primary DOI or official proceedings/USENIX/DBLP record reconciled with delivered BibTeX metadata,2026-09-29,verified-metadata
livinskii2020yarpgen,article,2020,Random Testing for {C} and {C++} Compilers with {YARPGen},Vsevolod Livinskii and Dmitry Babokin and John Regehr,3,Proceedings of the ACM on Programming Languages,4,OOPSLA,,196,,doi,10.1145/3428264,https://doi.org/10.1145/3428264,Primary DOI or official proceedings/USENIX/DBLP record reconciled with delivered BibTeX metadata,2026-09-29,verified-metadata
liu2023nnsmith,inproceedings,2023,{NNSmith}: Generating Diverse and Valid Test Cases for Deep Learning Compilers,Jiawei Liu and Jinkun Lin and Fabian Ruffy and Cheng Tan and Jinyang Li and Aurojit Panda and Lingming Zhang,7,"Proceedings of the 28th ACM International Conference on Architectural Support for Programming Languages and Operating Systems, Volume 2",,,530--543,,Association for Computing Machinery,doi,10.1145/3575693.3575707,https://doi.org/10.1145/3575693.3575707,Primary DOI or official proceedings/USENIX/DBLP record reconciled with delivered BibTeX metadata,2026-09-29,verified-metadata
ma2023hirgen,inproceedings,2023,Fuzzing Deep Learning Compilers with {HirGen},Haoyang Ma and Qingchao Shen and Yongqiang Tian and Junjie Chen and Shing-Chi Cheung,5,Proceedings of the 32nd ACM SIGSOFT International Symposium on Software Testing and Analysis,,,248--260,,Association for Computing Machinery,doi,10.1145/3597926.3598053,https://doi.org/10.1145/3597926.3598053,Primary DOI or official proceedings/USENIX/DBLP record reconciled with delivered BibTeX metadata,2026-09-29,verified-metadata
wei2022freelunch,inproceedings,2022,Free Lunch for Testing: Fuzzing Deep-Learning Libraries from Open Source,Anjiang Wei and Yinlin Deng and Chenyuan Yang and Lingming Zhang,4,Proceedings of the 44th International Conference on Software Engineering,,,995--1007,,Association for Computing Machinery,doi,10.1145/3510003.3510041,https://doi.org/10.1145/3510003.3510041,Primary DOI or official proceedings/USENIX/DBLP record reconciled with delivered BibTeX metadata,2026-09-29,verified-metadata
pei2017deepxplore,inproceedings,2017,DeepXplore: Automated Whitebox Testing of Deep Learning Systems,Kexin Pei and Yinzhi Cao and Junfeng Yang and Suman Jana,4,Proceedings of the 26th Symposium on Operating Systems Principles,,,1--18,,Association for Computing Machinery,doi,10.1145/3132747.3132785,https://doi.org/10.1145/3132747.3132785,Primary DOI or official proceedings/USENIX/DBLP record reconciled with delivered BibTeX metadata,2026-09-29,verified-metadata
tian2018deeptest,inproceedings,2018,DeepTest: Automated Testing of Deep-Neural-Network-Driven Autonomous Cars,Yuchi Tian and Kexin Pei and Suman Jana and Baishakhi Ray,4,Proceedings of the 40th International Conference on Software Engineering,,,303--314,,Association for Computing Machinery,doi,10.1145/3180155.3180220,https://doi.org/10.1145/3180155.3180220,Primary DOI or official proceedings/USENIX/DBLP record reconciled with delivered BibTeX metadata,2026-09-29,verified-metadata
xie2019deephunter,inproceedings,2019,DeepHunter: A Coverage-Guided Fuzz Testing Framework for Deep Neural Networks,Xiaofei Xie and Lei Ma and Felix Juefei-Xu and Minhui Xue and Hongxu Chen and Yang Liu and Jianjun Zhao and Bo Li and Jianxiong Yin and Simon See,10,Proceedings of the 28th ACM SIGSOFT International Symposium on Software Testing and Analysis,,,146--157,,Association for Computing Machinery,doi,10.1145/3293882.3330579,https://doi.org/10.1145/3293882.3330579,Primary DOI or official proceedings/USENIX/DBLP record reconciled with delivered BibTeX metadata,2026-09-29,verified-metadata
pham2019cradle,inproceedings,2019,{CRADLE}: Cross-Backend Validation to Detect and Localize Bugs in Deep Learning Libraries,Hung Viet Pham and Thibaud Lutellier and Weizhen Qi and Lin Tan,4,Proceedings of the 41st International Conference on Software Engineering,,,1027--1038,,IEEE Computer Society,doi,10.1109/ICSE.2019.00107,https://doi.org/10.1109/ICSE.2019.00107,Primary DOI or official proceedings/USENIX/DBLP record reconciled with delivered BibTeX metadata,2026-09-29,verified-metadata
li2023mlirsmith,inproceedings,2023,{MLIRSmith}: Random Program Generation for Fuzzing {MLIR} Compiler Infrastructure,Haoyu Wang and Junjie Chen and Chuyue Xie and Shuang Liu and Zan Wang and Qingchao Shen and Yingquan Zhao,7,Proceedings of the 38th IEEE/ACM International Conference on Automated Software Engineering,,,1555--1566,,IEEE Computer Society,doi,10.1109/ASE56229.2023.00120,https://doi.org/10.1109/ASE56229.2023.00120,Primary DOI or official proceedings/USENIX/DBLP record reconciled with delivered BibTeX metadata,2026-09-29,verified-metadata
chen2020survey,article,2020,A Survey of Compiler Testing,Junjie Chen and Jibesh Patra and Michael Pradel and Yingfei Xiong and Hongyu Zhang and Dan Hao and Lu Zhang,7,ACM Computing Surveys,53,1,,4,,doi,10.1145/3363562,https://doi.org/10.1145/3363562,Primary DOI or official proceedings/USENIX/DBLP record reconciled with delivered BibTeX metadata,2026-09-29,verified-metadata
chen2016comparison,inproceedings,2016,An Empirical Comparison of Compiler Testing Techniques,Junjie Chen and Wenxiang Hu and Dan Hao and Yingfei Xiong and Hongyu Zhang and Lu Zhang and Bing Xie,7,Proceedings of the 38th International Conference on Software Engineering,,,180--190,,Association for Computing Machinery,doi,10.1145/2884781.2884878,https://doi.org/10.1145/2884781.2884878,Primary DOI or official proceedings/USENIX/DBLP record reconciled with delivered BibTeX metadata,2026-09-29,verified-metadata
mckeeman1998differential,article,1998,Differential Testing for Software,William M. McKeeman,1,Digital Technical Journal,10,1,100--107,,,stable-url,https://dblp.org/rec/journals/dtj/McKeeman98,https://dblp.org/rec/journals/dtj/McKeeman98,Primary DOI or official proceedings/USENIX/DBLP record reconciled with delivered BibTeX metadata,2026-09-29,verified-metadata
claessen2000quickcheck,inproceedings,2000,QuickCheck: A Lightweight Tool for Random Testing of Haskell Programs,Koen Claessen and John Hughes,2,Proceedings of the Fifth ACM SIGPLAN International Conference on Functional Programming,,,268--279,,Association for Computing Machinery,doi,10.1145/351240.351266,https://doi.org/10.1145/351240.351266,Primary DOI or official proceedings/USENIX/DBLP record reconciled with delivered BibTeX metadata,2026-09-29,verified-metadata
jackson2002small,article,2002,Alloy: A Lightweight Object Modelling Notation,Daniel Jackson,1,ACM Transactions on Software Engineering and Methodology,11,2,256--290,,,doi,10.1145/505145.505149,https://doi.org/10.1145/505145.505149,Primary DOI or official proceedings/USENIX/DBLP record reconciled with delivered BibTeX metadata,2026-09-29,verified-metadata
zeller2002simplifying,article,2002,Simplifying and Isolating Failure-Inducing Input,Andreas Zeller and Ralf Hildebrandt,2,IEEE Transactions on Software Engineering,28,2,183--200,,,doi,10.1109/32.988498,https://doi.org/10.1109/32.988498,Primary DOI or official proceedings/USENIX/DBLP record reconciled with delivered BibTeX metadata,2026-09-29,verified-metadata
barr2015oracle,article,2015,The Oracle Problem in Software Testing: A Survey,Earl T. Barr and Mark Harman and Phil McMinn and Muzammil Shahbaz and Shin Yoo,5,IEEE Transactions on Software Engineering,41,5,507--525,,,doi,10.1109/TSE.2014.2372785,https://doi.org/10.1109/TSE.2014.2372785,Primary DOI or official proceedings/USENIX/DBLP record reconciled with delivered BibTeX metadata,2026-09-29,verified-metadata
segura2016metamorphic,article,2016,A Survey on Metamorphic Testing,Sergio Segura and Gordon Fraser and Ana Bel{\'e}n S{\'a}nchez and Antonio Ruiz-Cort{\'e}s,4,IEEE Transactions on Software Engineering,42,9,805--824,,,doi,10.1109/TSE.2016.2532875,https://doi.org/10.1109/TSE.2016.2532875,Primary DOI or official proceedings/USENIX/DBLP record reconciled with delivered BibTeX metadata,2026-09-29,verified-metadata
jia2011mutation,article,2011,An Analysis and Survey of the Development of Mutation Testing,Yue Jia and Mark Harman,2,IEEE Transactions on Software Engineering,37,5,649--678,,,doi,10.1109/TSE.2010.62,https://doi.org/10.1109/TSE.2010.62,Primary DOI or official proceedings/USENIX/DBLP record reconciled with delivered BibTeX metadata,2026-09-29,verified-metadata
sun2023feedback,article,2023,Feedback-Directed Metamorphic Testing,Chang-Ai Sun and Hepeng Dai and Huai Liu and Tsong Yueh Chen,4,ACM Transactions on Software Engineering and Methodology,32,1,20:1--20:34,20,,doi,10.1145/3533314,https://doi.org/10.1145/3533314,Primary DOI or official proceedings/USENIX/DBLP record reconciled with delivered BibTeX metadata,2026-09-29,verified-metadata
xu2024mrscout,article,2024,{MR-Scout}: Automated Synthesis of Metamorphic Relations from Existing Test Cases,Congying Xu and Valerio Terragni and Hengcheng Zhu and Jiarong Wu and Shing-Chi Cheung,5,ACM Transactions on Software Engineering and Methodology,33,6,,150,,doi,10.1145/3656340,https://doi.org/10.1145/3656340,Primary DOI or official proceedings/USENIX/DBLP record reconciled with delivered BibTeX metadata,2026-09-29,verified-metadata
liu2024gandalf,article,2024,Generation-Based Differential Fuzzing for Deep Learning Libraries,Jiawei Liu and Yuheng Huang and Zhijie Wang and Lei Ma and Chunrong Fang and Mingzheng Gu and Xufan Zhang and Zhenyu Chen,8,ACM Transactions on Software Engineering and Methodology,33,2,,50,,doi,10.1145/3628159,https://doi.org/10.1145/3628159,Primary DOI or official proceedings/USENIX/DBLP record reconciled with delivered BibTeX metadata,2026-09-29,verified-metadata
xia2024enumerating,article,2024,Enumerating Valid Non-Alpha-Equivalent Programs for Interpreter Testing,Xinmeng Xia and Yang Feng and Qingkai Shi and James A. Jones and Xiangyu Zhang and Baowen Xu,6,ACM Transactions on Software Engineering and Methodology,33,5,,118,,doi,10.1145/3647994,https://doi.org/10.1145/3647994,Primary DOI or official proceedings/USENIX/DBLP record reconciled with delivered BibTeX metadata,2026-09-29,verified-metadata
harzevili2025history,article,2025,History-Driven Fuzzing for Deep Learning Libraries,Nima Shiri Harzevili and Mohammad Mahdi Mohajer and Moshi Wei and Hung Viet Pham and Song Wang,5,ACM Transactions on Software Engineering and Methodology,34,1,,19,,doi,10.1145/3688838,https://doi.org/10.1145/3688838,Primary DOI or official proceedings/USENIX/DBLP record reconciled with delivered BibTeX metadata,2026-09-29,verified-metadata
wu2026attributes,misc,2026,From Stochastic to Semantic: Advanced Attribute-Guided Compiler Testing,Jiangchang Wu and Yibiao Yang and Maolin Sun and Qingyang Li and Kang Chen and Lei Xu and Yuming Zhou,7,"ACM Transactions on Software Engineering and Methodology, Just Accepted",,,,,,doi,10.1145/3793554,https://doi.org/10.1145/3793554,Primary DOI or official proceedings/USENIX/DBLP record reconciled with delivered BibTeX metadata,2026-09-29,verified-metadata
lee2026feature,misc,2026,Selective Feature-Sensitive Coverage for Conformance Testing of Programming Languages,Kanguk Lee and Seunghwan Kim and Jihyeok Park and Sukyoung Ryu,4,"ACM Transactions on Software Engineering and Methodology, Just Accepted",,,,,,doi,10.1145/3808231,https://doi.org/10.1145/3808231,Primary DOI or official proceedings/USENIX/DBLP record reconciled with delivered BibTeX metadata,2026-09-29,verified-metadata
li2026multiconf,article,2026,Isolating Compiler Faults via Multiple Pairs of Adversarial Compilation Configurations,Qingyang Li and Yibiao Yang and Maolin Sun and Jiangchang Wu and Qingkai Shi and Yuming Zhou,6,ACM Transactions on Software Engineering and Methodology,35,9,285:1--285:30,285,,doi,10.1145/3786786,https://doi.org/10.1145/3786786,Primary DOI or official proceedings/USENIX/DBLP record reconciled with delivered BibTeX metadata,2026-09-29,verified-metadata
chen2016jvm,inproceedings,2016,Coverage-Directed Differential Testing of {JVM} Implementations,Yuting Chen and Ting Su and Chengnian Sun and Zhendong Su and Jianjun Zhao,5,Proceedings of the 37th ACM SIGPLAN Conference on Programming Language Design and Implementation,,,85--99,,Association for Computing Machinery,doi,10.1145/2908080.2908095,https://doi.org/10.1145/2908080.2908095,Primary DOI or official proceedings/USENIX/DBLP record reconciled with delivered BibTeX metadata,2026-09-29,verified-metadata
midtgaard2017quickchecking,article,2017,Effect-Driven QuickChecking of Compilers,Jan Midtgaard and Mathias Nygaard Justesen and Patrick Kasting and Flemming Nielson and Hanne Riis Nielson,5,Proceedings of the ACM on Programming Languages,1,ICFP,,15,,doi,10.1145/3110259,https://doi.org/10.1145/3110259,Primary DOI or official proceedings/USENIX/DBLP record reconciled with delivered BibTeX metadata,2026-09-29,verified-metadata
zhang2018tensorflow,inproceedings,2018,An Empirical Study on TensorFlow Program Bugs,Yuhao Zhang and Yifan Chen and Shing-Chi Cheung and Yingfei Xiong and Lu Zhang,5,Proceedings of the 27th ACM SIGSOFT International Symposium on Software Testing and Analysis,,,129--140,,Association for Computing Machinery,doi,10.1145/3213846.3213866,https://doi.org/10.1145/3213846.3213866,Primary DOI or official proceedings/USENIX/DBLP record reconciled with delivered BibTeX metadata,2026-09-29,verified-metadata
shen2021compilerbugs,inproceedings,2021,A Comprehensive Study of Deep Learning Compiler Bugs,Qingchao Shen and Haoyang Ma and Junjie Chen and Yongqiang Tian and Shing-Chi Cheung and Xiang Chen,6,Proceedings of the 29th ACM Joint Meeting on European Software Engineering Conference and Symposium on the Foundations of Software Engineering,,,968--980,,Association for Computing Machinery,doi,10.1145/3468264.3468591,https://doi.org/10.1145/3468264.3468591,Primary DOI or official proceedings/USENIX/DBLP record reconciled with delivered BibTeX metadata,2026-09-29,verified-metadata
wu2025mirage,inproceedings,2025,Mirage: A {Multi-Level} Superoptimizer for Tensor Programs,Mengdi Wu and Xinhao Cheng and Shengyu Liu and Chunan Shi and Jianan Ji and Man Kit Ao and Praveen Velliengiri and Xupeng Miao and Oded Padon and Zhihao Jia,10,19th USENIX Symposium on Operating Systems Design and Implementation (OSDI 25),,,21--38,,USENIX Association,stable-url,https://www.usenix.org/conference/osdi25/presentation/wu-mengdi,https://www.usenix.org/conference/osdi25/presentation/wu-mengdi,Primary DOI or official proceedings/USENIX/DBLP record reconciled with delivered BibTeX metadata,2026-09-29,verified-metadata
zhan2026eqiforge,misc,2026,Unleashing the Power of Equality Saturation for Tensor Program Superoptimization,Qi Zhan and Xing Hu and Xin Xia and Shanping Li,4,arXiv:2609.12330,,,,,,doi,10.48550/arXiv.2609.12330,https://doi.org/10.48550/arXiv.2609.12330,Primary DOI or official proceedings/USENIX/DBLP record reconciled with delivered BibTeX metadata,2026-09-29,verified-metadata
